-- MariaDB dump 10.19-11.2.2-MariaDB, for Linux (x86_64)
--
-- Host: localhost    Database: fikiri
-- ------------------------------------------------------
-- Server version	11.2.2-MariaDB

/*!40101 SET @OLD_CHARACTER_SET_CLIENT=@@CHARACTER_SET_CLIENT */;
/*!40101 SET @OLD_CHARACTER_SET_RESULTS=@@CHARACTER_SET_RESULTS */;
/*!40101 SET @OLD_COLLATION_CONNECTION=@@COLLATION_CONNECTION */;
/*!40101 SET NAMES utf8mb4 */;
/*!40103 SET @OLD_TIME_ZONE=@@TIME_ZONE */;
/*!40103 SET TIME_ZONE='+00:00' */;
/*!40014 SET @OLD_UNIQUE_CHECKS=@@UNIQUE_CHECKS, UNIQUE_CHECKS=0 */;
/*!40014 SET @OLD_FOREIGN_KEY_CHECKS=@@FOREIGN_KEY_CHECKS, FOREIGN_KEY_CHECKS=0 */;
/*!40101 SET @OLD_SQL_MODE=@@SQL_MODE, SQL_MODE='NO_AUTO_VALUE_ON_ZERO' */;
/*!40111 SET @OLD_SQL_NOTES=@@SQL_NOTES, SQL_NOTES=0 */;

--
-- Table structure for table `Call`
--

DROP TABLE IF EXISTS `Call`;
/*!40101 SET @saved_cs_client     = @@character_set_client */;
/*!40101 SET character_set_client = utf8 */;
CREATE TABLE `Call` (
  `id` int(11) NOT NULL AUTO_INCREMENT,
  `name` text NOT NULL,
  `startedAt` datetime(3) NOT NULL,
  `endedAt` datetime(3) NOT NULL,
  `description` text NOT NULL,
  `createdAt` datetime(3) DEFAULT current_timestamp(3),
  `updatedAt` datetime(3) DEFAULT NULL,
  PRIMARY KEY (`id`)
) ENGINE=InnoDB AUTO_INCREMENT=7 DEFAULT CHARSET=utf8mb4 COLLATE=utf8mb4_unicode_ci;
/*!40101 SET character_set_client = @saved_cs_client */;

--
-- Dumping data for table `Call`
--

LOCK TABLES `Call` WRITE;
/*!40000 ALTER TABLE `Call` DISABLE KEYS */;
INSERT INTO `Call` VALUES
(1,'trans defaeco suffragium laboriosam auctus desino tenus vilis tumultus vomer','2023-05-23 15:15:11.889','2024-07-22 12:10:56.756','Cras degenero officia audio solutio utrimque. Decipio decumbo vobis custodia sunt vestrum nihil pax. Somnus saepe tersus aufero solitudo bonus amiculum accusantium.','2024-01-30 10:30:57.117','2024-01-30 10:30:57.117'),
(2,'tantillus deporto amicitia praesentium totus appello comptus truculenter depereo cilicium','2023-11-28 08:11:30.533','2024-03-14 09:12:09.065','Distinctio aggredior copiose creo officiis. Vergo vivo adamo condico perferendis arceo subnecto in. Vulticulus tremo campana verecundia desparatus.','2024-01-30 10:30:57.204','2024-01-30 10:30:57.204'),
(3,'caveo volo adversus votum nam conduco curiositas suggero solio adficio','2023-03-17 20:38:16.963','2024-02-24 21:54:35.367','Cursus auctus thesis voluptates advenio adduco vorago summisse praesentium tunc. Vis nemo tabula. Tumultus decimus conatus decretum cohibeo.','2024-01-30 10:30:57.258','2024-01-30 10:30:57.258'),
(4,'capto alius enim strenuus perferendis caelum comparo curriculum adaugeo nisi','2023-10-04 10:59:28.608','2024-02-20 10:31:47.348','Thalassinus similique tepidus decipio crinis verumtamen casso creber constans vicinus. Amplus taedium angelus cupio depraedor urbanus cotidie terreo. Doloribus corrupti addo civis conforto consequatur triumphus.','2024-01-30 10:30:57.298','2024-01-30 10:30:57.298'),
(5,'perspiciatis argentum curo cena deduco amplus vulpes volutabrum volubilis inventore','2023-03-09 15:32:25.084','2024-09-18 20:51:54.532','Verbera ater tumultus ager bene amissio summopere cohaero thema. Ciminatio decet vaco censura caterva corrigo suadeo certe. Trado tendo valens depraedor tepesco trepide cupio.','2024-01-30 10:30:57.344','2024-01-30 10:30:57.344'),
(6,'acies eligendi ullam sursum aspernatur libero creta tondeo curso aeger','2023-07-26 22:50:59.386','2024-02-17 07:46:50.893','Aequus quis vesica conspergo carbo comptus temporibus amplexus antiquus. Volva crapula cultellus confero suscipio curo ager angulus. Adhaero claustrum thermae amitto tertius summisse socius sint.','2024-01-30 10:30:57.376','2024-01-30 10:30:57.376');
/*!40000 ALTER TABLE `Call` ENABLE KEYS */;
UNLOCK TABLES;

--
-- Table structure for table `Challenge`
--

DROP TABLE IF EXISTS `Challenge`;
/*!40101 SET @saved_cs_client     = @@character_set_client */;
/*!40101 SET character_set_client = utf8 */;
CREATE TABLE `Challenge` (
  `id` int(11) NOT NULL AUTO_INCREMENT,
  `name` text NOT NULL,
  `createdAt` datetime(3) DEFAULT current_timestamp(3),
  `updatedAt` datetime(3) DEFAULT NULL,
  PRIMARY KEY (`id`)
) ENGINE=InnoDB AUTO_INCREMENT=335 DEFAULT CHARSET=utf8mb4 COLLATE=utf8mb4_unicode_ci;
/*!40101 SET character_set_client = @saved_cs_client */;

--
-- Dumping data for table `Challenge`
--

LOCK TABLES `Challenge` WRITE;
/*!40000 ALTER TABLE `Challenge` DISABLE KEYS */;
INSERT INTO `Challenge` VALUES
(1,'vita aduro adfero attollo vitae suadeo ambitus verecundia tergum vis vulariter attonbitus tres crastinus voluptate','2024-01-30 10:30:57.117','2024-01-30 10:30:57.117'),
(2,'decimus verto consequuntur caelum cinis vacuus nostrum volo terminatio apto amissio desipio delinquo tripudio carmen','2024-01-30 10:30:57.117','2024-01-30 10:30:57.117'),
(3,'tabella cedo conor culpo adeo delectus aperiam vitae patior cometes accedo claro crustulum certe similique','2024-01-30 10:30:57.117','2024-01-30 10:30:57.117'),
(4,'vorax abduco cohaero tergum admoveo vilitas vere dapifer sum annus angelus verto derelinquo talio bibo','2024-01-30 10:30:57.117','2024-01-30 10:30:57.117'),
(5,'veritas atque aptus tredecim repellat dolor admiratio vociferor coadunatio accusator cibus reiciendis cervus videlicet versus','2024-01-30 10:30:57.117','2024-01-30 10:30:57.117'),
(6,'thesaurus itaque attollo curto acquiro alo ambitus ultra solitudo absorbeo uredo talio canonicus antepono terga','2024-01-30 10:30:57.117','2024-01-30 10:30:57.117'),
(7,'catena cena clarus vulgivagus pectus uberrime tumultus adulescens trucido arguo tenetur cibus molestiae uberrime bellum','2024-01-30 10:30:57.117','2024-01-30 10:30:57.117'),
(8,'calculus debilito vulgaris supellex ambulo ventosus via canonicus sopor tunc taedium ullus trepide depereo vito','2024-01-30 10:30:57.117','2024-01-30 10:30:57.117'),
(9,'vilicus deporto ventus circumvenio decerno ter angustus pariatur creber ara vespillo assentator pauci derideo compono','2024-01-30 10:30:57.117','2024-01-30 10:30:57.117'),
(10,'subito sonitus stillicidium numquam tabgo calcar tantillus cohors est basium amita defero tredecim conor doloremque','2024-01-30 10:30:57.117','2024-01-30 10:30:57.117'),
(11,'cenaculum titulus termes canonicus aegre carcer voluptatum vesica ara tempora delibero auditor cupressus taedium crur','2024-01-30 10:30:57.117','2024-01-30 10:30:57.117'),
(12,'excepturi termes tricesimus cena coniuratio acsi aequitas patrocinor amplexus quae vociferor voro vitae veritatis cupiditas','2024-01-30 10:30:57.117','2024-01-30 10:30:57.117'),
(13,'corrumpo chirographum baiulus umquam audio combibo campana cometes videlicet harum aperio repellat desidero vehemens terga','2024-01-30 10:30:57.117','2024-01-30 10:30:57.117'),
(14,'nulla admitto spiritus cedo peior sonitus chirographum adversus caput ara ciminatio supra adiuvo condico ab','2024-01-30 10:30:57.117','2024-01-30 10:30:57.117'),
(15,'bibo coniecto capitulus villa cubitum curto adduco apud dolorum decumbo ars adicio subito viridis canis','2024-01-30 10:30:57.117','2024-01-30 10:30:57.117'),
(16,'bis civitas adficio comptus virgo aeger adsuesco vitiosus appello pel nobis soluta antepono cornu arbustum','2024-01-30 10:30:57.117','2024-01-30 10:30:57.117'),
(17,'aliquid attero viridis traho soleo defero cotidie solus amiculum sustineo chirographum depereo inventore studio ventus','2024-01-30 10:30:57.117','2024-01-30 10:30:57.117'),
(18,'acerbitas thymbra abeo celo curo venia sortitus doloribus aeneus temperantia tum quos cursus placeat laborum','2024-01-30 10:30:57.117','2024-01-30 10:30:57.117'),
(19,'deleo degenero virtus deputo porro volaticus unde cuius comitatus molestias summisse maiores alii sequi speciosus','2024-01-30 10:30:57.117','2024-01-30 10:30:57.117'),
(20,'consectetur voluptatem ambitus arcus comes verbera labore commodo defungo quos at ex correptius ubi voluptatum','2024-01-30 10:30:57.117','2024-01-30 10:30:57.117'),
(21,'accendo facere reprehenderit synagoga vitium ager cum ademptio conqueror correptius corpus ver aequus assentator subito','2024-01-30 10:30:57.117','2024-01-30 10:30:57.117'),
(22,'denuncio pel viduo tamen assumenda denego solum somnus conscendo corrupti adinventitias ut calcar vacuus advoco','2024-01-30 10:30:57.117','2024-01-30 10:30:57.117'),
(23,'concedo amitto suppono conturbo termes suadeo tergo defendo amita succedo aedificium xiphias ait cubitum spoliatio','2024-01-30 10:30:57.117','2024-01-30 10:30:57.117'),
(24,'allatus adeptio atrocitas celo ustilo tamisium vilis tertius usque adimpleo odit deserunt subito ventus suffoco','2024-01-30 10:30:57.117','2024-01-30 10:30:57.117'),
(25,'verto a cariosus pauci speculum eius suggero odit combibo angulus vitae volva desidero quo alveus','2024-01-30 10:30:57.117','2024-01-30 10:30:57.117'),
(26,'adfectus ceno ancilla corrumpo talus adulatio dens adficio agnosco tui reprehenderit reprehenderit velut barba canto','2024-01-30 10:30:57.117','2024-01-30 10:30:57.117'),
(27,'aperio cernuus provident avarus assentator corporis illum aliquid acerbitas ceno tempus caput vilis ciminatio audacia','2024-01-30 10:30:57.117','2024-01-30 10:30:57.117'),
(28,'solium cum considero cattus theatrum summopere victoria sumptus adulescens cruciamentum tribuo terror supplanto totus adipisci','2024-01-30 10:30:57.117','2024-01-30 10:30:57.117'),
(29,'umerus clarus cernuus sui testimonium cresco volo canto dolor arcus carpo suus aiunt stultus bardus','2024-01-30 10:30:57.117','2024-01-30 10:30:57.117'),
(30,'titulus aperio attero curo aurum tres theca non officiis error adamo admoveo decerno dapifer tres','2024-01-30 10:30:57.117','2024-01-30 10:30:57.117'),
(31,'abscido talis advenio deinde vetus audax enim creo ipsam conscendo a stabilis fugit cattus absens','2024-01-30 10:30:57.117','2024-01-30 10:30:57.117'),
(32,'spiculum odio coniuratio antea debitis admoveo incidunt ustilo vespillo deserunt votum veritatis vigilo aegre vaco','2024-01-30 10:30:57.117','2024-01-30 10:30:57.117'),
(33,'videlicet comparo cribro tracto torqueo ocer repudiandae speciosus reiciendis varietas catena vorax coadunatio conscendo agnosco','2024-01-30 10:30:57.117','2024-01-30 10:30:57.117'),
(34,'subnecto aspicio stella cumque utor dedico verto termes super arca vulgivagus asperiores cursus acervus beatus','2024-01-30 10:30:57.117','2024-01-30 10:30:57.117'),
(35,'molestias tremo canto voluptas cito dolorum dens defessus ventosus crux vulnus cruciamentum maxime supra claustrum','2024-01-30 10:30:57.117','2024-01-30 10:30:57.117'),
(36,'baiulus terra sequi ante accusator alienus reiciendis vetus corporis commodi saepe atrocitas nobis animadverto clementia','2024-01-30 10:30:57.117','2024-01-30 10:30:57.117'),
(37,'una sol cariosus cometes comes benevolentia combibo cunae desino error maxime cuppedia socius tardus ademptio','2024-01-30 10:30:57.117','2024-01-30 10:30:57.117'),
(38,'adhaero praesentium thema argentum strues voluptas canto crux cognomen infit desidero talus corpus rerum sum','2024-01-30 10:30:57.117','2024-01-30 10:30:57.117'),
(39,'facere harum tersus celer sui desidero thesaurus studio ante timidus decor auctor blanditiis triumphus contego','2024-01-30 10:30:57.117','2024-01-30 10:30:57.117'),
(40,'sub sustineo cupiditate atrocitas utrum triduana vero triduana virgo timor eius solium auctus officiis solitudo','2024-01-30 10:30:57.117','2024-01-30 10:30:57.117'),
(41,'velut vulpes cito tamen apostolus tutis perspiciatis arcesso voluptates acerbitas voluptatum tunc demens quia suffoco','2024-01-30 10:30:57.117','2024-01-30 10:30:57.117'),
(42,'suus aiunt triduana alienus eius deduco color iste conventus deporto terebro dolor sunt cervus deporto','2024-01-30 10:30:57.117','2024-01-30 10:30:57.117'),
(43,'supellex aduro sperno alii tabesco demergo demergo coepi thermae videlicet balbus xiphias accommodo ultio defetiscor','2024-01-30 10:30:57.117','2024-01-30 10:30:57.117'),
(44,'peior validus sufficio patria templum tepidus turbo omnis magni tergiversatio asper caste adflicto vicissitudo cubitum','2024-01-30 10:30:57.117','2024-01-30 10:30:57.117'),
(45,'aeger approbo uter adipisci similique reiciendis bos neque thymum tricesimus caterva cilicium averto decens fuga','2024-01-30 10:30:57.117','2024-01-30 10:30:57.117'),
(46,'verbum aestus voluptatibus verecundia vir peccatus voluptatibus pectus tristis subiungo utilis sonitus approbo tracto mollitia','2024-01-30 10:30:57.117','2024-01-30 10:30:57.117'),
(47,'molestiae vulnus decumbo atrox acsi paens carcer saepe ventito curtus virtus quos crur desino amor','2024-01-30 10:30:57.117','2024-01-30 10:30:57.117'),
(48,'vestigium eligendi combibo atque eius tredecim ambulo tum administratio adnuo alter dolore cornu saepe comparo','2024-01-30 10:30:57.117','2024-01-30 10:30:57.117'),
(49,'vindico conculco trado ter cometes cruciamentum ante terebro comedo accusator caries admitto summa tenetur virga','2024-01-30 10:30:57.117','2024-01-30 10:30:57.117'),
(50,'caterva spiritus cognatus stella turba asperiores auxilium conatus ademptio cupiditas vesco tum blanditiis stella atqui','2024-01-30 10:30:57.117','2024-01-30 10:30:57.117'),
(51,'thema comparo adstringo urbs fuga atrox caelestis vetus statua arcus denique vesper impedit thesaurus appono','2024-01-30 10:30:57.117','2024-01-30 10:30:57.117'),
(52,'solvo vobis sopor vester crudelis calcar beneficium traho ceno arceo placeat decens collum concido campana','2024-01-30 10:30:57.117','2024-01-30 10:30:57.117'),
(53,'confido cauda consectetur adamo dolor sodalitas stillicidium statua truculenter civis tot veniam tabgo catena votum','2024-01-30 10:30:57.117','2024-01-30 10:30:57.117'),
(54,'colo desolo veniam cogo perspiciatis accusator comminor aggero causa consuasor creber desipio appono spargo creo','2024-01-30 10:30:57.117','2024-01-30 10:30:57.117'),
(55,'agnitio spiritus peior ad versus cur tabernus cognatus deorsum degenero subiungo acquiro modi tenuis suspendo','2024-01-30 10:30:57.117','2024-01-30 10:30:57.117'),
(56,'nesciunt accusamus altus distinctio calco thymbra quo itaque voluptate condico tabernus atavus audacia valeo ustulo','2024-01-30 10:30:57.117','2024-01-30 10:30:57.117'),
(57,'expedita tamdiu thermae cras absens creptio succedo consequatur ex alienus uredo coruscus advenio calculus comitatus','2024-01-30 10:30:57.117','2024-01-30 10:30:57.117'),
(58,'aggero congregatio coepi cresco tantum condico termes tempore annus aliquid vorax curo adamo quasi sapiente','2024-01-30 10:30:57.117','2024-01-30 10:30:57.117'),
(59,'suppellex torrens aro alienus decor deprimo aequitas congregatio vaco defessus una inventore id videlicet tondeo','2024-01-30 10:30:57.117','2024-01-30 10:30:57.117'),
(60,'conatus volaticus decerno id conatus nisi tardus amplitudo ancilla ex tum vilis appono aro theca','2024-01-30 10:30:57.117','2024-01-30 10:30:57.117'),
(61,'conor avarus vomica amaritudo cauda amplexus aequus adaugeo excepturi debeo excepturi sollers tantum curia vulticulus','2024-01-30 10:30:57.117','2024-01-30 10:30:57.117'),
(62,'pax unus varietas contabesco succedo cribro creber enim talus umquam termes thymum cilicium suspendo arbustum','2024-01-30 10:30:57.204','2024-01-30 10:30:57.204'),
(63,'ipsum depraedor deorsum bos cuppedia libero vix cogito rerum acervus benevolentia vulariter tenuis decimus decor','2024-01-30 10:30:57.204','2024-01-30 10:30:57.204'),
(64,'acquiro sublime vitium placeat uberrime barba approbo corporis contra accommodo suggero confero inventore repudiandae magnam','2024-01-30 10:30:57.204','2024-01-30 10:30:57.204'),
(65,'accedo ducimus carus cornu adopto arbor adflicto tergeo verbum bonus eveniet denique trans vinum sumo','2024-01-30 10:30:57.204','2024-01-30 10:30:57.204'),
(66,'vilis cupressus optio vestrum vix cattus aegrus audax defessus comitatus angelus id tribuo coepi carpo','2024-01-30 10:30:57.204','2024-01-30 10:30:57.204'),
(67,'maxime conforto spiritus pectus volup uberrime canonicus vere repellat deporto sustineo sursum admitto vilitas tepesco','2024-01-30 10:30:57.204','2024-01-30 10:30:57.204'),
(68,'vobis doloribus textus tot sustineo sustineo antiquus advenio absorbeo dolores crur tamen esse alienus tracto','2024-01-30 10:30:57.204','2024-01-30 10:30:57.204'),
(69,'strenuus tres placeat adipiscor curatio aptus pecco verecundia quae cresco civitas perspiciatis error cibo aegrus','2024-01-30 10:30:57.204','2024-01-30 10:30:57.204'),
(70,'terga contra arcus cavus adicio adflicto substantia vigilo viridis stella thermae dedecor facere cubitum vilicus','2024-01-30 10:30:57.204','2024-01-30 10:30:57.204'),
(71,'ventus vigilo adamo virga subiungo adopto voro amita tutis communis super ullus crur asper aut','2024-01-30 10:30:57.204','2024-01-30 10:30:57.204'),
(72,'carbo aufero speculum xiphias sodalitas tam stipes territo adaugeo deorsum vereor carcer cultura patrocinor torqueo','2024-01-30 10:30:57.204','2024-01-30 10:30:57.204'),
(73,'suffragium uterque thymbra deleniti cupressus illo aperiam vesica aperiam timidus thalassinus acies cum accusator conservo','2024-01-30 10:30:57.204','2024-01-30 10:30:57.204'),
(74,'voluptatibus modi facere subnecto spiritus ambulo enim bellum attollo summa cupiditate verecundia tunc omnis degero','2024-01-30 10:30:57.204','2024-01-30 10:30:57.204'),
(75,'aegrotatio demulceo recusandae subito spero autus autem tres beatae via currus comitatus cubo subnecto depromo','2024-01-30 10:30:57.204','2024-01-30 10:30:57.204'),
(76,'denego suscipio vis verbum pecco tibi terga volutabrum avaritia abeo nostrum praesentium villa aiunt copiose','2024-01-30 10:30:57.204','2024-01-30 10:30:57.204'),
(77,'concido supellex conturbo curis bestia calco turba crux commodo adopto modi delectus creta territo cubicularis','2024-01-30 10:30:57.204','2024-01-30 10:30:57.204'),
(78,'contigo armarium creta pariatur tollo cura cunabula tandem tantillus collum aggredior templum tribuo stipes verecundia','2024-01-30 10:30:57.204','2024-01-30 10:30:57.204'),
(79,'similique subnecto patruus voluptatem adfero voluptatem defluo vicissitudo aeneus eligendi vestigium utroque quos suppono clibanus','2024-01-30 10:30:57.204','2024-01-30 10:30:57.204'),
(80,'cognatus derideo tenax allatus autem cohaero suppellex deleo creo abstergo doloribus mollitia terminatio varius architecto','2024-01-30 10:30:57.204','2024-01-30 10:30:57.204'),
(81,'consequatur tametsi ante subiungo terror texo delinquo delectatio censura acer solutio quis bellicus contra alo','2024-01-30 10:30:57.204','2024-01-30 10:30:57.204'),
(82,'spiritus patior vestrum cerno cinis acerbitas adeptio debitis caterva dapifer ventosus curia truculenter averto vinitor','2024-01-30 10:30:57.204','2024-01-30 10:30:57.204'),
(83,'delibero desino perspiciatis somniculosus custodia cubo undique adsum bis magni adulescens cupio facilis adipisci consequuntur','2024-01-30 10:30:57.204','2024-01-30 10:30:57.204'),
(84,'delicate cruentus vomica communis valde terror consequatur brevis ea aegre callide degusto hic cunae vicissitudo','2024-01-30 10:30:57.204','2024-01-30 10:30:57.204'),
(85,'torrens cohibeo argentum unde pectus nulla concido crastinus stella umerus creta aegre auctus volubilis dolores','2024-01-30 10:30:57.204','2024-01-30 10:30:57.204'),
(86,'succedo artificiose tamen tyrannus approbo delectatio delinquo bardus officiis aperiam votum cinis ante libero labore','2024-01-30 10:30:57.204','2024-01-30 10:30:57.204'),
(87,'aequitas celebrer dens debeo quos ipsa alienus ulterius articulus stella altus cras canis conforto antea','2024-01-30 10:30:57.204','2024-01-30 10:30:57.204'),
(88,'vulnero paens statim cubicularis totam assentator vulariter conicio dolores delinquo cur abduco adhaero adsuesco vito','2024-01-30 10:30:57.204','2024-01-30 10:30:57.204'),
(89,'ciminatio quibusdam error taceo xiphias artificiose ascisco odit ullam sto suppellex comis corpus varietas thymum','2024-01-30 10:30:57.204','2024-01-30 10:30:57.204'),
(90,'spiritus uredo utroque dolores cognomen delibero quae talio strues conscendo alienus dolore tantillus provident patria','2024-01-30 10:30:57.204','2024-01-30 10:30:57.204'),
(91,'summa valens defungo delectatio voveo urbanus depereo stipes consuasor xiphias adficio adulatio compono suppono trans','2024-01-30 10:30:57.204','2024-01-30 10:30:57.204'),
(92,'ulterius adipisci adduco denuncio aeneus arca pel suffoco decet usitas blandior argentum arma accusamus abbas','2024-01-30 10:30:57.204','2024-01-30 10:30:57.204'),
(93,'excepturi tergo baiulus condico demulceo sustineo clarus testimonium creptio abundans voluptate chirographum facilis cavus campana','2024-01-30 10:30:57.204','2024-01-30 10:30:57.204'),
(94,'acervus barba cinis comminor curatio tactus accedo sequi tutamen titulus allatus venustas beneficium nihil odit','2024-01-30 10:30:57.204','2024-01-30 10:30:57.204'),
(95,'conculco depromo adiuvo sursum conforto damnatio summisse cupiditas valens suus debitis cubo solus architecto statua','2024-01-30 10:30:57.204','2024-01-30 10:30:57.204'),
(96,'torrens supellex cubitum alius apto tactus sursum balbus defluo claustrum trans tollo ustulo attollo comptus','2024-01-30 10:30:57.204','2024-01-30 10:30:57.204'),
(97,'aestus amita ipsum consequuntur conventus villa caput adulatio tutamen nesciunt speciosus cura deficio vorago usitas','2024-01-30 10:30:57.204','2024-01-30 10:30:57.204'),
(98,'corporis eveniet tener sollicito victus arx sum aestivus solvo celo comedo aperte succedo talus debilito','2024-01-30 10:30:57.204','2024-01-30 10:30:57.204'),
(99,'thorax aequus quod turba aurum amaritudo paulatim tutamen ulterius tot theatrum vel viscus aegrotatio speciosus','2024-01-30 10:30:57.204','2024-01-30 10:30:57.204'),
(100,'cilicium crux coniecto derideo adamo synagoga contabesco canis velit statim tepesco umquam non tabula cogo','2024-01-30 10:30:57.204','2024-01-30 10:30:57.204'),
(101,'venustas cumque super carmen vir crudelis conor eum auctor claro maiores audax confido demergo coma','2024-01-30 10:30:57.204','2024-01-30 10:30:57.204'),
(102,'spiculum facilis in textilis despecto vergo iusto minima cresco quasi somnus utilis suus crapula adnuo','2024-01-30 10:30:57.204','2024-01-30 10:30:57.204'),
(103,'defero ait compono coniuratio reprehenderit aperte conforto dapifer vinculum aperiam vicinus alius facilis animus cupiditas','2024-01-30 10:30:57.204','2024-01-30 10:30:57.204'),
(104,'capto ipsa aetas velut molestias comminor decor conspergo vomito alias auctor curriculum pecus arcus tracto','2024-01-30 10:30:57.204','2024-01-30 10:30:57.204'),
(105,'peior deleniti tergo virgo vesper viduo timidus tantum omnis et tandem ex concido adficio delinquo','2024-01-30 10:30:57.204','2024-01-30 10:30:57.204'),
(106,'assentator totidem theologus demo dapifer esse umerus custodia magni viduo peior quasi pauci adamo tolero','2024-01-30 10:30:57.204','2024-01-30 10:30:57.204'),
(107,'decor explicabo teneo creber abstergo damno video subvenio adflicto praesentium versus absque contabesco acer ager','2024-01-30 10:30:57.204','2024-01-30 10:30:57.204'),
(108,'defleo alii voluntarius beneficium aegrus aqua trepide curo comparo vilis calcar adversus comburo vinitor damno','2024-01-30 10:30:57.204','2024-01-30 10:30:57.204'),
(109,'crux consequuntur odio similique comparo depereo tabernus dens calcar solitudo theatrum adimpleo conscendo demergo decerno','2024-01-30 10:30:57.204','2024-01-30 10:30:57.204'),
(110,'aptus acquiro cur aeger copia bis commodo comprehendo suus et tamisium dedecor denuo complectus praesentium','2024-01-30 10:30:57.204','2024-01-30 10:30:57.204'),
(111,'adamo apud adsuesco debeo vere tepesco cubitum thorax benigne in cauda complectus tandem tergeo atrocitas','2024-01-30 10:30:57.204','2024-01-30 10:30:57.204'),
(112,'expedita conicio uberrime blanditiis voluptatum tenus vestigium tunc administratio id casus absque coerceo ventito color','2024-01-30 10:30:57.204','2024-01-30 10:30:57.204'),
(113,'concedo clementia minima cupressus eligendi tego vicissitudo concedo defendo strues ventito est tonsor ducimus tristis','2024-01-30 10:30:57.204','2024-01-30 10:30:57.204'),
(114,'subito neque veniam cerno vere approbo bibo officia torrens anser sufficio amplitudo deficio pectus solium','2024-01-30 10:30:57.204','2024-01-30 10:30:57.204'),
(115,'aveho stella confero damnatio aufero aegrus vulgo carpo deripio conduco ventus itaque catena illo agnitio','2024-01-30 10:30:57.204','2024-01-30 10:30:57.204'),
(116,'delectus contigo valens decumbo aperio molestiae perspiciatis quam tergeo canonicus decipio curto adnuo terreo temporibus','2024-01-30 10:30:57.204','2024-01-30 10:30:57.204'),
(117,'voluptatibus textilis comes urbanus demo succedo dedico statim volutabrum decens villa aqua magnam sub arca','2024-01-30 10:30:57.204','2024-01-30 10:30:57.204'),
(118,'paulatim atrocitas iusto bellicus utrimque crapula rerum crepusculum torrens amplexus maxime tempore bardus viduo atque','2024-01-30 10:30:57.204','2024-01-30 10:30:57.204'),
(119,'desparatus cerno coepi accusamus accommodo cum culpo votum sollers comburo caelum custodia tametsi vesper addo','2024-01-30 10:30:57.204','2024-01-30 10:30:57.204'),
(120,'creo cicuta carpo provident cado velut eos vulnus sollers ciminatio civis altus eos dedico cohibeo','2024-01-30 10:30:57.204','2024-01-30 10:30:57.204'),
(121,'cursim unde cum spiculum nesciunt corrupti vester vulgo ulterius volva clamo derideo somnus sequi canis','2024-01-30 10:30:57.204','2024-01-30 10:30:57.204'),
(122,'argumentum curvo infit sufficio comparo advoco bos sperno facere cuius abduco colo accusamus repudiandae casus','2024-01-30 10:30:57.204','2024-01-30 10:30:57.204'),
(123,'cognatus accusamus subiungo admiratio audeo demo molestias pax altus utrimque alius dolorum convoco crastinus vitiosus','2024-01-30 10:30:57.204','2024-01-30 10:30:57.204'),
(124,'conscendo arma sub tum vere abeo desolo abstergo apud confugo amo demo vir placeat umquam','2024-01-30 10:30:57.204','2024-01-30 10:30:57.204'),
(125,'derideo non cernuus sequi consectetur advenio vicinus turbo talus cilicium sunt sint vinitor vilitas aegrotatio','2024-01-30 10:30:57.204','2024-01-30 10:30:57.204'),
(126,'autus spargo spoliatio deleniti voluptatem aspernatur facere pecus termes comis aqua adversus calcar conatus aduro','2024-01-30 10:30:57.258','2024-01-30 10:30:57.258'),
(127,'avarus decerno ipsam necessitatibus iste spiculum umerus desolo velum crinis iste balbus tego clarus sustineo','2024-01-30 10:30:57.258','2024-01-30 10:30:57.258'),
(128,'statua quae excepturi adsum utpote delinquo verto caterva sollers natus necessitatibus accusator copiose aestas conqueror','2024-01-30 10:30:57.258','2024-01-30 10:30:57.258'),
(129,'decor vicissitudo clibanus thesaurus absum voveo alius ambitus tremo subvenio deprecator cetera calcar uberrime vir','2024-01-30 10:30:57.258','2024-01-30 10:30:57.258'),
(130,'arbitro denuncio administratio inflammatio tam urbanus desipio correptius cur accedo cedo defleo pecus fugiat defleo','2024-01-30 10:30:57.258','2024-01-30 10:30:57.258'),
(131,'vesica demo aetas uter commodi corporis ipsam calcar adulescens vulgus arto voco venustas tempora vicissitudo','2024-01-30 10:30:57.258','2024-01-30 10:30:57.258'),
(132,'veniam vapulus defluo deludo adimpleo articulus verumtamen suspendo cubo vomer cauda addo adulatio curis comptus','2024-01-30 10:30:57.258','2024-01-30 10:30:57.258'),
(133,'suscipit accedo demens vero amplitudo cimentarius conqueror veritatis anser aurum statua fugiat avarus careo porro','2024-01-30 10:30:57.258','2024-01-30 10:30:57.258'),
(134,'via vesco taceo possimus vestigium statim voco urbanus autem contabesco nulla crur textus soleo claudeo','2024-01-30 10:30:57.258','2024-01-30 10:30:57.258'),
(135,'velit impedit trepide cicuta cruciamentum soluta animi tui supellex illo adeptio depulso triduana vero conatus','2024-01-30 10:30:57.258','2024-01-30 10:30:57.258'),
(136,'conduco vigor tergo recusandae vomer corrigo vapulus expedita vita video vomer dolorum corrigo corporis subiungo','2024-01-30 10:30:57.258','2024-01-30 10:30:57.258'),
(137,'cum strues clementia victus acceptus tabesco magnam aduro virtus creta tamdiu suadeo solutio antea conforto','2024-01-30 10:30:57.258','2024-01-30 10:30:57.258'),
(138,'tego suffoco adipiscor tumultus vicinus videlicet cupio abeo alii coerceo sophismata thymum iste collum tonsor','2024-01-30 10:30:57.258','2024-01-30 10:30:57.258'),
(139,'desino tripudio ver cubitum nemo beneficium sono timidus teres tibi voluptatum thymum deprecator inflammatio officia','2024-01-30 10:30:57.258','2024-01-30 10:30:57.258'),
(140,'atque coaegresco tempus aperiam sustineo tolero aequitas thesaurus stella quod aperiam amor vicissitudo audeo sufficio','2024-01-30 10:30:57.258','2024-01-30 10:30:57.258'),
(141,'mollitia apud totidem degero auditor decet vergo sperno arcus damnatio vespillo tenuis tametsi bene est','2024-01-30 10:30:57.258','2024-01-30 10:30:57.258'),
(142,'verto conservo canonicus alienus arca supra creta civitas tutis ut canto termes aqua animi dens','2024-01-30 10:30:57.258','2024-01-30 10:30:57.258'),
(143,'compono mollitia arbitro audentia delicate vestrum vapulus dapifer alioqui benevolentia video deserunt suscipio via arguo','2024-01-30 10:30:57.258','2024-01-30 10:30:57.258'),
(144,'acsi degero usque ulciscor speciosus vorago ratione centum veniam theatrum adduco id est communis degusto','2024-01-30 10:30:57.258','2024-01-30 10:30:57.258'),
(145,'tego callide crustulum ante vomica adficio verecundia coma volubilis alter absconditus umerus tredecim spoliatio agnitio','2024-01-30 10:30:57.258','2024-01-30 10:30:57.258'),
(146,'nisi curso doloribus quidem aestus vulgus summopere videlicet thema tyrannus numquam versus aliquid aiunt tot','2024-01-30 10:30:57.258','2024-01-30 10:30:57.258'),
(147,'contabesco amor tonsor via peior censura contego advenio cunctatio cursus vobis peccatus tener antiquus somniculosus','2024-01-30 10:30:57.258','2024-01-30 10:30:57.258'),
(148,'tollo aestas capio dolor trepide celer depopulo anser demum adflicto odio vulariter ustilo balbus curvo','2024-01-30 10:30:57.258','2024-01-30 10:30:57.258'),
(149,'maiores conventus credo cum campana degenero caste bonus despecto subiungo cicuta confugo natus spectaculum calco','2024-01-30 10:30:57.258','2024-01-30 10:30:57.258'),
(150,'spectaculum tyrannus cupressus conicio sublime volutabrum vulgus vulnero sui auditor addo alter alioqui admitto tempore','2024-01-30 10:30:57.258','2024-01-30 10:30:57.258'),
(151,'adversus torrens ex surgo aro cena coepi cibus ante mollitia decens quae carbo unus ait','2024-01-30 10:30:57.258','2024-01-30 10:30:57.258'),
(152,'universe animadverto quae colligo viscus deorsum eum tracto vergo tripudio consectetur complectus adimpleo ustulo clam','2024-01-30 10:30:57.258','2024-01-30 10:30:57.258'),
(153,'delinquo traho cinis ocer coadunatio desparatus considero vespillo aggredior ab alioqui bardus deorsum abscido ab','2024-01-30 10:30:57.258','2024-01-30 10:30:57.258'),
(154,'aut colo blandior thorax sollicito vestigium demonstro illo corrumpo ulterius aliquam thermae ager trado virtus','2024-01-30 10:30:57.258','2024-01-30 10:30:57.258'),
(155,'vulnus sustineo ara accendo cattus territo odio adfectus cado conatus arbitro testimonium varius cornu vulgivagus','2024-01-30 10:30:57.258','2024-01-30 10:30:57.258'),
(156,'utor degero ventus nostrum vinculum denuo appono creptio clarus asporto cupressus turpis ventito averto curatio','2024-01-30 10:30:57.258','2024-01-30 10:30:57.258'),
(157,'cado ambulo alter artificiose ventus abutor sordeo vomer substantia contego tertius voluptates thorax approbo pecco','2024-01-30 10:30:57.258','2024-01-30 10:30:57.258'),
(158,'stipes currus celer amor degero charisma vicinus turba creta tempora claudeo desino vero eos volo','2024-01-30 10:30:57.258','2024-01-30 10:30:57.258'),
(159,'stips coepi abduco minima tredecim synagoga molestias sublime eum odit charisma agnitio artificiose argumentum debilito','2024-01-30 10:30:57.258','2024-01-30 10:30:57.258'),
(160,'aiunt decor toties curso voveo tui ademptio ara aspernatur volo corrigo una cimentarius circumvenio terga','2024-01-30 10:30:57.258','2024-01-30 10:30:57.258'),
(161,'maxime distinctio debitis curatio terebro uberrime ars denuncio sto vulpes appono pariatur demo demum adsum','2024-01-30 10:30:57.258','2024-01-30 10:30:57.258'),
(162,'tutamen angulus despecto degusto officiis demum subnecto deripio temptatio sublime denego voluptatum vesica cogo strenuus','2024-01-30 10:30:57.258','2024-01-30 10:30:57.258'),
(163,'tardus contigo alioqui varius odio itaque adicio pectus repellendus magni accendo contego valetudo ceno validus','2024-01-30 10:30:57.258','2024-01-30 10:30:57.258'),
(164,'alienus articulus nisi deduco catena sordeo ascisco eius delibero dolor substantia officiis viriliter vulgaris audio','2024-01-30 10:30:57.258','2024-01-30 10:30:57.258'),
(165,'trado denego voluptas universe accommodo abbas crebro eius subvenio nihil veritas tersus virtus omnis numquam','2024-01-30 10:30:57.258','2024-01-30 10:30:57.258'),
(166,'territo pectus antea valens defleo avaritia natus amplexus blandior approbo canonicus vindico vulgus quis cattus','2024-01-30 10:30:57.258','2024-01-30 10:30:57.258'),
(167,'doloribus supplanto eos comparo benevolentia cras colligo abutor agnosco armarium spectaculum capio comburo soluta accommodo','2024-01-30 10:30:57.258','2024-01-30 10:30:57.258'),
(168,'cerno officia verbum corrumpo nam careo ut creptio texo benevolentia tabernus blandior calculus defaeco demum','2024-01-30 10:30:57.258','2024-01-30 10:30:57.258'),
(169,'ulciscor tempus contabesco dolor occaecati velociter turpis fuga clam volup apostolus quam valens sunt spargo','2024-01-30 10:30:57.258','2024-01-30 10:30:57.258'),
(170,'corroboro caries appello terminatio aestivus terror arbor certe defendo subnecto bardus deleniti sol conventus delectatio','2024-01-30 10:30:57.258','2024-01-30 10:30:57.258'),
(171,'demonstro articulus laboriosam utilis crastinus deporto quia cras suspendo ex conduco cura libero eveniet pauci','2024-01-30 10:30:57.258','2024-01-30 10:30:57.258'),
(172,'aequitas caput antea impedit veniam accendo crinis custodia supra tabella audeo tametsi possimus alias altus','2024-01-30 10:30:57.258','2024-01-30 10:30:57.258'),
(173,'crustulum cubicularis officiis non vorago vitae natus delego verbera deduco sordeo arma texo capitulus omnis','2024-01-30 10:30:57.258','2024-01-30 10:30:57.258'),
(174,'vicissitudo aestus vereor curso pel arto voluptas credo adimpleo tristis tondeo sufficio addo dens voluptas','2024-01-30 10:30:57.258','2024-01-30 10:30:57.258'),
(175,'pel inventore aranea beatus beneficium dedico soleo cenaculum defluo alter arcesso acies calco currus est','2024-01-30 10:30:57.258','2024-01-30 10:30:57.258'),
(176,'depraedor ciminatio dapifer corrumpo atqui aurum thermae apostolus quo cresco tantillus surculus somniculosus clamo adulescens','2024-01-30 10:30:57.258','2024-01-30 10:30:57.258'),
(177,'terra tandem vigilo vorago ait textilis vestrum derelinquo apto tot crebro accusamus autus venio capio','2024-01-30 10:30:57.258','2024-01-30 10:30:57.258'),
(178,'cribro tam solutio textilis porro arcus contigo possimus est et voveo adficio uterque aperiam caterva','2024-01-30 10:30:57.258','2024-01-30 10:30:57.258'),
(179,'stipes thorax subvenio aperte quos ceno bestia tergiversatio amaritudo solitudo templum corrigo versus tendo circumvenio','2024-01-30 10:30:57.258','2024-01-30 10:30:57.258'),
(180,'odit subvenio xiphias neque acsi solus porro dedecor aer truculenter spoliatio testimonium contigo apud testimonium','2024-01-30 10:30:57.258','2024-01-30 10:30:57.258'),
(181,'eaque ultio dicta laudantium dolor ventito desino patrocinor ambitus caput dolor carpo libero uxor sulum','2024-01-30 10:30:57.258','2024-01-30 10:30:57.258'),
(182,'demo undique quam excepturi adhaero aliquam temporibus avarus cito ulciscor verbum verbera vae aggero attollo','2024-01-30 10:30:57.258','2024-01-30 10:30:57.258'),
(183,'vilitas celer socius demum occaecati tergum sol victus auctor carpo surgo volubilis admiratio consuasor thermae','2024-01-30 10:30:57.258','2024-01-30 10:30:57.258'),
(184,'vicissitudo amiculum suscipit creator solus temptatio depopulo theatrum aduro abstergo solvo averto versus terror ambulo','2024-01-30 10:30:57.258','2024-01-30 10:30:57.258'),
(185,'cogo calco capitulus uredo conqueror acidus apparatus video stillicidium ipsa claudeo est tardus usque circumvenio','2024-01-30 10:30:57.258','2024-01-30 10:30:57.258'),
(186,'acervus sit quam ara apto sollicito taceo damno cena auctus vesica ad dignissimos ullus assentator','2024-01-30 10:30:57.298','2024-01-30 10:30:57.298'),
(187,'amaritudo corrigo vitium tergo arcesso confido vulgo ustilo approbo cogo adflicto aduro aeger deludo damnatio','2024-01-30 10:30:57.298','2024-01-30 10:30:57.298'),
(188,'deleniti tabgo denego videlicet summopere culpa arca abstergo conicio vallum ter quis cattus ut quia','2024-01-30 10:30:57.298','2024-01-30 10:30:57.298'),
(189,'careo audacia ater compello coadunatio attero abduco convoco abeo speculum vitiosus optio tepesco aliqua cui','2024-01-30 10:30:57.298','2024-01-30 10:30:57.298'),
(190,'compono congregatio laboriosam stella amaritudo voveo consequuntur aduro audentia spes spiritus adstringo subseco sublime ustulo','2024-01-30 10:30:57.298','2024-01-30 10:30:57.298'),
(191,'aut veritatis clementia vito vitiosus paens stipes eaque conscendo pariatur amoveo ubi speciosus suscipit caute','2024-01-30 10:30:57.298','2024-01-30 10:30:57.298'),
(192,'pauci aperio benigne placeat desino vacuus nisi sollers thymum vorax comptus suus clibanus acervus laudantium','2024-01-30 10:30:57.298','2024-01-30 10:30:57.298'),
(193,'coerceo consectetur similique cogito theologus absque supra cognomen curia debilito tempora usitas accedo clamo consequuntur','2024-01-30 10:30:57.298','2024-01-30 10:30:57.298'),
(194,'perferendis taedium correptius adflicto cupiditate patior amo vitium amplitudo arma sufficio cibus adsidue pax cenaculum','2024-01-30 10:30:57.298','2024-01-30 10:30:57.298'),
(195,'apparatus adaugeo ventus amo tutis repellat odit denego blanditiis assentator amiculum arguo truculenter suggero candidus','2024-01-30 10:30:57.298','2024-01-30 10:30:57.298'),
(196,'tutis thesaurus sufficio textilis sum accedo congregatio attero dedico thermae vinco abundans creo audax aspicio','2024-01-30 10:30:57.298','2024-01-30 10:30:57.298'),
(197,'delego ait dicta suus absconditus vito utrimque vestigium vulpes admoneo uter ipsa sto cuppedia arbustum','2024-01-30 10:30:57.298','2024-01-30 10:30:57.298'),
(198,'sodalitas saepe caecus cur tepidus careo decet degero dignissimos stabilis damno confido assumenda deludo decumbo','2024-01-30 10:30:57.298','2024-01-30 10:30:57.298'),
(199,'curriculum tersus victoria nobis thymum capillus candidus aegrus abduco vero voluptas xiphias acsi argentum amo','2024-01-30 10:30:57.298','2024-01-30 10:30:57.298'),
(200,'defaeco utpote currus sto suffoco vulariter terminatio coruscus reiciendis cibus consequatur vindico uterque suspendo tergum','2024-01-30 10:30:57.298','2024-01-30 10:30:57.298'),
(201,'cresco virtus vel patruus delectatio recusandae deserunt ex quam laboriosam fuga templum vulnus distinctio auxilium','2024-01-30 10:30:57.298','2024-01-30 10:30:57.298'),
(202,'aqua defessus suus audax deinde corporis alienus censura cura corrumpo versus tredecim terror tero bellum','2024-01-30 10:30:57.298','2024-01-30 10:30:57.298'),
(203,'certus vigor vestigium usitas tristis dolorem adsidue conscendo bis stips supplanto canto itaque cauda illo','2024-01-30 10:30:57.298','2024-01-30 10:30:57.298'),
(204,'sulum vado averto alveus utpote quos callide architecto versus velit vis vacuus clamo umquam accusamus','2024-01-30 10:30:57.298','2024-01-30 10:30:57.298'),
(205,'timor sophismata minus colo unde depraedor quidem carbo sub ulciscor curis suffoco tabesco comitatus custodia','2024-01-30 10:30:57.298','2024-01-30 10:30:57.298'),
(206,'suppono complectus bibo abduco strues vorago ad triumphus tabernus ocer spectaculum temptatio conspergo appositus tribuo','2024-01-30 10:30:57.298','2024-01-30 10:30:57.298'),
(207,'studio laborum degenero confugo enim sunt crapula arma aliquid aegre cilicium campana conservo tergeo clarus','2024-01-30 10:30:57.298','2024-01-30 10:30:57.298'),
(208,'sopor vesco conturbo nostrum calculus decimus suppono aliquam tubineus arto claro victoria decor toties depereo','2024-01-30 10:30:57.298','2024-01-30 10:30:57.298'),
(209,'totus curriculum nihil via tot adiuvo degenero sordeo vorago acer delectatio tumultus amitto atrocitas vorax','2024-01-30 10:30:57.298','2024-01-30 10:30:57.298'),
(210,'theca vinco cum molestias demoror paulatim volaticus vulgus trado solitudo debeo arbitro voco tracto assumenda','2024-01-30 10:30:57.298','2024-01-30 10:30:57.298'),
(211,'repellat angustus crastinus atavus cavus demens summisse iste pax architecto nam culpo defessus appono sopor','2024-01-30 10:30:57.298','2024-01-30 10:30:57.298'),
(212,'vespillo at thema demoror aegrotatio suffragium crudelis cuppedia statua verecundia vomito cursus certe cervus defendo','2024-01-30 10:30:57.298','2024-01-30 10:30:57.298'),
(213,'alienus derelinquo vae necessitatibus tenuis verto peior utpote angulus capio solvo et spargo tametsi demum','2024-01-30 10:30:57.298','2024-01-30 10:30:57.298'),
(214,'spectaculum complectus provident curtus aut candidus cedo pecus ver defaeco traho copiose carcer clementia aliquid','2024-01-30 10:30:57.298','2024-01-30 10:30:57.298'),
(215,'utique certus tergo sapiente minus vulgus bibo aveho surgo ullam patior ager ascisco cenaculum denuncio','2024-01-30 10:30:57.298','2024-01-30 10:30:57.298'),
(216,'ventosus vigilo civitas coaegresco error verus veritatis vomica usitas cubo corrupti strenuus vestrum volo coerceo','2024-01-30 10:30:57.298','2024-01-30 10:30:57.298'),
(217,'trado turba benevolentia umquam crux tristis vitae ara ultio arbor torqueo vilitas velut acervus amiculum','2024-01-30 10:30:57.298','2024-01-30 10:30:57.298'),
(218,'conspergo subiungo curatio callide ulterius tandem bis vester amplus illo defessus modi audio terreo amo','2024-01-30 10:30:57.298','2024-01-30 10:30:57.298'),
(219,'temperantia ancilla tamdiu antepono natus pectus laboriosam adipisci atavus avarus voco quidem adinventitias confugo animus','2024-01-30 10:30:57.298','2024-01-30 10:30:57.298'),
(220,'vicissitudo tamquam aliqua ducimus nemo patria ultio votum cetera autus degero vacuus ara viriliter valetudo','2024-01-30 10:30:57.298','2024-01-30 10:30:57.298'),
(221,'suffragium creo consuasor officia territo valens voluptatum celer amplexus neque tumultus brevis adiuvo hic conturbo','2024-01-30 10:30:57.298','2024-01-30 10:30:57.298'),
(222,'aptus trans universe vis vulticulus bestia tres demens tepesco bonus valetudo deorsum omnis thalassinus tergum','2024-01-30 10:30:57.298','2024-01-30 10:30:57.298'),
(223,'ademptio sub compono ulciscor creator curo vinum pectus vomer saepe arx campana aperio aedificium statua','2024-01-30 10:30:57.298','2024-01-30 10:30:57.298'),
(224,'tricesimus ante provident aduro tredecim defero comburo adversus ulciscor volo tutamen vivo vesco sono cattus','2024-01-30 10:30:57.298','2024-01-30 10:30:57.298'),
(225,'defero consuasor antea blandior tutis temporibus aeger demo vulariter pectus tibi approbo clarus cernuus suppono','2024-01-30 10:30:57.298','2024-01-30 10:30:57.298'),
(226,'adfero tepidus aeneus demonstro sono convoco celebrer ustulo tenax cumque demulceo decens conscendo voluptate circumvenio','2024-01-30 10:30:57.298','2024-01-30 10:30:57.298'),
(227,'damnatio claro caput cum spectaculum dicta statua degenero abbas animadverto compello absum bibo minus defero','2024-01-30 10:30:57.298','2024-01-30 10:30:57.298'),
(228,'angustus sunt tibi ut sed cilicium ancilla tricesimus apparatus similique tenus alii sui colo tactus','2024-01-30 10:30:57.298','2024-01-30 10:30:57.298'),
(229,'taceo cattus virga tremo audio autus xiphias sono blanditiis debitis volubilis vero vallum repellendus arcesso','2024-01-30 10:30:57.298','2024-01-30 10:30:57.298'),
(230,'veniam amitto sonitus conventus decor totus calcar sunt aggero vulnero certe vespillo trado aliquam deleo','2024-01-30 10:30:57.298','2024-01-30 10:30:57.298'),
(231,'impedit commodo architecto admitto pel compono degero carbo volo harum asperiores censura amplexus charisma cunctatio','2024-01-30 10:30:57.298','2024-01-30 10:30:57.298'),
(232,'alveus apparatus victus sortitus culpa derelinquo deficio aut speculum terror sursum taedium agnosco auctus careo','2024-01-30 10:30:57.298','2024-01-30 10:30:57.298'),
(233,'curto accedo vox acidus aestas coerceo adimpleo supplanto tumultus antiquus accusator terminatio tenetur vesper cognomen','2024-01-30 10:30:57.298','2024-01-30 10:30:57.298'),
(234,'clarus peccatus conspergo creta desino auxilium et acervus vomica calculus patrocinor admitto cumque comparo brevis','2024-01-30 10:30:57.298','2024-01-30 10:30:57.298'),
(235,'taceo abduco tibi ustilo curvo tabgo vester caput viriliter abutor apud error defendo ambulo arceo','2024-01-30 10:30:57.298','2024-01-30 10:30:57.298'),
(236,'decerno suffragium auctus sollicito minus consectetur error confugo decet defaeco tui pecto amaritudo concedo aliqua','2024-01-30 10:30:57.298','2024-01-30 10:30:57.298'),
(237,'ventus antiquus aeneus amita curvo excepturi theologus uter avaritia accusator atque vorago inflammatio alter vestigium','2024-01-30 10:30:57.298','2024-01-30 10:30:57.298'),
(238,'nostrum valeo tyrannus rem totam libero tero tepesco statua qui in acidus laudantium trepide debeo','2024-01-30 10:30:57.298','2024-01-30 10:30:57.298'),
(239,'corporis testimonium catena excepturi provident victoria chirographum celebrer tondeo aestas ter super catena quod astrum','2024-01-30 10:30:57.298','2024-01-30 10:30:57.298'),
(240,'bonus quaerat coma curso cui tabella abstergo minima possimus pecto verecundia voluptatibus arto laboriosam ulciscor','2024-01-30 10:30:57.298','2024-01-30 10:30:57.298'),
(241,'ratione quam depromo adficio creber somnus defetiscor aestus spes uberrime bonus cornu demergo valetudo demitto','2024-01-30 10:30:57.298','2024-01-30 10:30:57.298'),
(242,'atrocitas cornu audio esse acsi arguo necessitatibus tracto comis terror ait textor cognomen voluptate strenuus','2024-01-30 10:30:57.344','2024-01-30 10:30:57.344'),
(243,'aranea volup articulus subvenio mollitia talus animus capto vito cibus suffoco dolorem doloribus vigilo voluptatibus','2024-01-30 10:30:57.344','2024-01-30 10:30:57.344'),
(244,'clementia decens utilis aegrotatio calamitas dolores comburo ad triumphus cornu aetas tonsor suspendo nisi acsi','2024-01-30 10:30:57.344','2024-01-30 10:30:57.344'),
(245,'adhaero solitudo omnis ascisco contigo desolo urbs alveus clamo venia demitto umquam vitium vilis allatus','2024-01-30 10:30:57.344','2024-01-30 10:30:57.344'),
(246,'traho apto confero blanditiis tabesco vespillo tres argentum admoneo thymbra asporto suppono beatae depereo tumultus','2024-01-30 10:30:57.344','2024-01-30 10:30:57.344'),
(247,'decimus accendo adeptio ustilo absorbeo ventito civitas cubicularis ea eum alii culpo altus nobis atque','2024-01-30 10:30:57.344','2024-01-30 10:30:57.344'),
(248,'cervus compello ducimus tremo pecus exercitationem calcar arx balbus mollitia crebro facere terror venia adopto','2024-01-30 10:30:57.344','2024-01-30 10:30:57.344'),
(249,'numquam ait comes auxilium tergiversatio suadeo soleo conitor conventus amitto adhaero repudiandae celo temperantia atque','2024-01-30 10:30:57.344','2024-01-30 10:30:57.344'),
(250,'tepesco suppellex commodo templum eaque sulum aufero universe decipio sperno vociferor pecto odio complectus tripudio','2024-01-30 10:30:57.344','2024-01-30 10:30:57.344'),
(251,'demens suasoria urbanus truculenter defungo itaque curatio paens confugo caries amitto cursus teneo necessitatibus deripio','2024-01-30 10:30:57.344','2024-01-30 10:30:57.344'),
(252,'spiritus allatus enim quaerat crebro ars tripudio coniuratio dolor argumentum appono vinculum bonus cedo conor','2024-01-30 10:30:57.344','2024-01-30 10:30:57.344'),
(253,'vapulus auditor absorbeo soluta qui uter accusamus curriculum utor infit demoror blanditiis labore truculenter astrum','2024-01-30 10:30:57.344','2024-01-30 10:30:57.344'),
(254,'sodalitas pauper pauper claustrum correptius certe ciminatio thema umbra tribuo demonstro cauda tero cilicium amicitia','2024-01-30 10:30:57.344','2024-01-30 10:30:57.344'),
(255,'armarium succedo crustulum theca strues alioqui commodo impedit pel tactus tutamen recusandae harum curis concido','2024-01-30 10:30:57.344','2024-01-30 10:30:57.344'),
(256,'suasoria claro admitto spero copiose decretum pecus tam vado tendo reprehenderit arca correptius venustas comedo','2024-01-30 10:30:57.344','2024-01-30 10:30:57.344'),
(257,'maxime terra subvenio cinis villa deserunt volubilis enim tametsi cilicium subseco caste bonus vir rerum','2024-01-30 10:30:57.344','2024-01-30 10:30:57.344'),
(258,'coepi stillicidium tantillus tergum ustulo acervus varius itaque aeternus torqueo asperiores carpo pecco tepidus vos','2024-01-30 10:30:57.344','2024-01-30 10:30:57.344'),
(259,'torqueo molestias suggero circumvenio surgo callide quos una patrocinor triduana adhuc aggero verbum condico id','2024-01-30 10:30:57.344','2024-01-30 10:30:57.344'),
(260,'vehemens velut caritas delego utroque rem est eaque calculus speculum tolero acceptus audentia conitor tego','2024-01-30 10:30:57.344','2024-01-30 10:30:57.344'),
(261,'velum auctus utroque studio approbo coniuratio adversus adfero contra adsum aliquid thesaurus a cognatus arca','2024-01-30 10:30:57.344','2024-01-30 10:30:57.344'),
(262,'ulciscor venia cras curriculum vivo voco theca textor adflicto cauda carpo ad averto certus antepono','2024-01-30 10:30:57.344','2024-01-30 10:30:57.344'),
(263,'condico uredo versus spiritus volaticus curto cinis derelinquo ut abundans eveniet sublime thalassinus angelus defendo','2024-01-30 10:30:57.344','2024-01-30 10:30:57.344'),
(264,'unus amet ea dicta despecto quis villa vix soleo teres dignissimos curis benigne alter coerceo','2024-01-30 10:30:57.344','2024-01-30 10:30:57.344'),
(265,'cicuta quibusdam vesper laborum demulceo texo succedo cinis ullus vesper tam studio tergo color depono','2024-01-30 10:30:57.344','2024-01-30 10:30:57.344'),
(266,'a curatio similique argentum varietas denego callide carcer totidem bellicus libero sordeo nesciunt cruentus occaecati','2024-01-30 10:30:57.344','2024-01-30 10:30:57.344'),
(267,'adipiscor corrupti conturbo creator aggero vomer cogo vulariter terra sollers vomica stipes tredecim trado vox','2024-01-30 10:30:57.344','2024-01-30 10:30:57.344'),
(268,'tabgo nam territo cicuta strues amita deripio decumbo debitis subvenio ventosus culpa crebro ara conspergo','2024-01-30 10:30:57.344','2024-01-30 10:30:57.344'),
(269,'at adduco vilis aro succurro avarus cumque ipsa tum cinis tracto provident veritas vallum quisquam','2024-01-30 10:30:57.344','2024-01-30 10:30:57.344'),
(270,'concedo arca adfectus delicate maxime degero itaque arcesso vester cetera sollers decimus reprehenderit argumentum uxor','2024-01-30 10:30:57.344','2024-01-30 10:30:57.344'),
(271,'numquam tabesco bardus carus ciminatio decipio cuius agnosco victoria vester molestias civis beatus carpo ambitus','2024-01-30 10:30:57.344','2024-01-30 10:30:57.344'),
(272,'consectetur communis coma cognomen harum inventore vulnero voco thymbra cado valens unus auxilium ager conitor','2024-01-30 10:30:57.344','2024-01-30 10:30:57.344'),
(273,'accedo arguo adimpleo consuasor vesco desipio defetiscor vicissitudo beneficium vilitas sequi usque approbo vilis synagoga','2024-01-30 10:30:57.344','2024-01-30 10:30:57.344'),
(274,'reiciendis vergo velut annus nostrum utrum adflicto universe alioqui amoveo bonus adsuesco vobis termes adopto','2024-01-30 10:30:57.344','2024-01-30 10:30:57.344'),
(275,'ustulo caelum adicio incidunt terra claro sortitus bos tergiversatio alioqui tyrannus pecco credo temporibus cunae','2024-01-30 10:30:57.344','2024-01-30 10:30:57.344'),
(276,'solutio coepi vulgus ulciscor stella paulatim virtus tempora tunc cenaculum velut suggero cogito stella delibero','2024-01-30 10:30:57.344','2024-01-30 10:30:57.344'),
(277,'patruus apostolus necessitatibus minima venia cauda culpa beneficium conicio conforto vallum vae crux vulgaris accusamus','2024-01-30 10:30:57.344','2024-01-30 10:30:57.344'),
(278,'attonbitus totus unde adimpleo desidero convoco statua vapulus bardus sono pariatur canonicus texo odio quibusdam','2024-01-30 10:30:57.344','2024-01-30 10:30:57.344'),
(279,'arbitro audeo crinis aspernatur nihil beatus porro alienus aetas valeo iste aspernatur nulla cumque aegre','2024-01-30 10:30:57.344','2024-01-30 10:30:57.344'),
(280,'carmen volup ipsum stultus tamdiu conqueror defluo vehemens sapiente aro defendo culpa minima ademptio cometes','2024-01-30 10:30:57.344','2024-01-30 10:30:57.344'),
(281,'ater ceno amplus cubo utrum tripudio consuasor arma demo infit thalassinus clamo tonsor carbo patior','2024-01-30 10:30:57.344','2024-01-30 10:30:57.344'),
(282,'tersus creator sed amissio vereor ustilo conicio callide callide ullus suscipio iste temporibus voluntarius adnuo','2024-01-30 10:30:57.344','2024-01-30 10:30:57.344'),
(283,'demum spes viridis cresco accommodo neque approbo maxime cunctatio spoliatio trado thorax aliquid vociferor crudelis','2024-01-30 10:30:57.344','2024-01-30 10:30:57.344'),
(284,'uredo attero stabilis facere tergeo commodo trado testimonium confero sperno creator vitae damno quibusdam maxime','2024-01-30 10:30:57.344','2024-01-30 10:30:57.344'),
(285,'tyrannus tutis vespillo trucido defungo veritas creator collum voluntarius thema strues sequi sol maiores spiritus','2024-01-30 10:30:57.344','2024-01-30 10:30:57.344'),
(286,'corroboro cattus ventosus tabula baiulus asporto nemo correptius acerbitas adulatio defleo desipio sortitus quidem facilis','2024-01-30 10:30:57.344','2024-01-30 10:30:57.344'),
(287,'tibi conspergo adeptio trucido conservo thalassinus curtus antea tener doloremque artificiose perspiciatis utique vicissitudo beatus','2024-01-30 10:30:57.344','2024-01-30 10:30:57.344'),
(288,'tracto arbustum quam abscido corporis vetus autus quam cometes pecto quis combibo speciosus pecus audacia','2024-01-30 10:30:57.344','2024-01-30 10:30:57.344'),
(289,'iure vesco cohibeo quo alienus vitiosus tumultus audio hic placeat sumo avaritia sunt confugo atavus','2024-01-30 10:30:57.344','2024-01-30 10:30:57.344'),
(290,'vigor cupio ulterius curia vomer animi complectus cupiditas debitis canis hic pel callide arto videlicet','2024-01-30 10:30:57.344','2024-01-30 10:30:57.344'),
(291,'qui talio charisma pauci amoveo amaritudo aliqua socius arcesso contra conspergo coerceo ante tolero comparo','2024-01-30 10:30:57.344','2024-01-30 10:30:57.344'),
(292,'thalassinus reprehenderit aduro ater suscipit iste aeger vorax timidus deripio corpus ventosus solutio acies desino','2024-01-30 10:30:57.376','2024-01-30 10:30:57.376'),
(293,'blanditiis minima vito adeo capio quasi assentator aureus cauda tollo caste tondeo alienus ipsa dapifer','2024-01-30 10:30:57.376','2024-01-30 10:30:57.376'),
(294,'cedo claudeo voluptas itaque amiculum valetudo deserunt illo alveus cogo casso tenetur aureus ciminatio caveo','2024-01-30 10:30:57.376','2024-01-30 10:30:57.376'),
(295,'somniculosus usitas ullus crinis quas suffragium venio tepidus adnuo allatus demum spectaculum depono colligo ad','2024-01-30 10:30:57.376','2024-01-30 10:30:57.376'),
(296,'color sumo arbitro sollicito stabilis chirographum vespillo asperiores acies tamisium decet decipio vomito crastinus vinculum','2024-01-30 10:30:57.376','2024-01-30 10:30:57.376'),
(297,'absorbeo tui tricesimus nihil aperiam thymum victus urbanus video id vulnus doloremque suppono arto qui','2024-01-30 10:30:57.376','2024-01-30 10:30:57.376'),
(298,'ipsa aestivus tersus contra apostolus voluptatem despecto turba peior teneo mollitia via desparatus cumque rem','2024-01-30 10:30:57.376','2024-01-30 10:30:57.376'),
(299,'suadeo stultus approbo bis statim adicio aegrotatio vesper cuppedia adficio calculus bellum spectaculum turpis porro','2024-01-30 10:30:57.376','2024-01-30 10:30:57.376'),
(300,'demonstro paens depono tepidus vereor barba pauci creator aranea corpus ultio cupio cito complectus id','2024-01-30 10:30:57.376','2024-01-30 10:30:57.376'),
(301,'tyrannus spoliatio amo abduco alius considero tredecim tabella acceptus vicinus talus adopto infit titulus quae','2024-01-30 10:30:57.376','2024-01-30 10:30:57.376'),
(302,'aggero adamo cunctatio defessus nobis astrum truculenter victoria doloremque corrupti amaritudo quos caveo perspiciatis tamdiu','2024-01-30 10:30:57.376','2024-01-30 10:30:57.376'),
(303,'super claudeo perferendis argentum arceo unde bibo tres sequi vix sufficio cetera virgo curvo theologus','2024-01-30 10:30:57.376','2024-01-30 10:30:57.376'),
(304,'taedium aiunt tempus degero amplus vestrum spero caveo tabula antea atrox claustrum super acervus conqueror','2024-01-30 10:30:57.376','2024-01-30 10:30:57.376'),
(305,'tubineus coma sophismata alveus coadunatio suppellex vinculum vulgo eaque compello contra astrum casso suppellex confugo','2024-01-30 10:30:57.376','2024-01-30 10:30:57.376'),
(306,'antepono dolor cervus aperte communis pel patior degenero unus temeritas decretum depono volaticus tam texo','2024-01-30 10:30:57.376','2024-01-30 10:30:57.376'),
(307,'congregatio defungo beatae illo cado cuius tabernus apud colligo terra ultra admoveo adhuc adsidue temporibus','2024-01-30 10:30:57.376','2024-01-30 10:30:57.376'),
(308,'vado carcer numquam vix comis derelinquo cito claustrum thymbra amiculum stips solitudo ver turbo despecto','2024-01-30 10:30:57.376','2024-01-30 10:30:57.376'),
(309,'tardus territo patria traho adversus tondeo sollers harum veniam cultura trepide aggero capto unde iusto','2024-01-30 10:30:57.376','2024-01-30 10:30:57.376'),
(310,'laudantium crepusculum bellicus assentator tego catena stultus esse solus desparatus aliqua solus titulus vulgivagus consectetur','2024-01-30 10:30:57.376','2024-01-30 10:30:57.376'),
(311,'decumbo appello conduco crinis clementia comprehendo capio antea video sit aspicio aeneus summisse cubitum cogito','2024-01-30 10:30:57.376','2024-01-30 10:30:57.376'),
(312,'ascisco cruciamentum cubicularis utrimque maxime crinis civis caute quae bonus crepusculum eius facilis uberrime arca','2024-01-30 10:30:57.376','2024-01-30 10:30:57.376'),
(313,'acquiro atqui vero deludo tenus tribuo tabula caste speculum antiquus antepono sono ars vaco cresco','2024-01-30 10:30:57.376','2024-01-30 10:30:57.376'),
(314,'subiungo curiositas tredecim thema trans comedo tutis territo appello validus angulus attonbitus cultellus solio calculus','2024-01-30 10:30:57.376','2024-01-30 10:30:57.376'),
(315,'veniam decipio tres unus deinde ter thesaurus sapiente casso volubilis auctor sol vereor viduo combibo','2024-01-30 10:30:57.376','2024-01-30 10:30:57.376'),
(316,'cogito neque sollicito adflicto spiculum asporto aeternus socius bellicus uterque subseco altus alius audacia audeo','2024-01-30 10:30:57.376','2024-01-30 10:30:57.376'),
(317,'degenero torrens uberrime verto tametsi tardus pariatur ver testimonium perferendis corrigo totus deficio crebro quisquam','2024-01-30 10:30:57.376','2024-01-30 10:30:57.376'),
(318,'vorax tabesco despecto vilis vere credo voluptatem cresco officiis crepusculum terminatio vinculum surculus bene sortitus','2024-01-30 10:30:57.376','2024-01-30 10:30:57.376'),
(319,'beatus ulciscor absque usus coaegresco convoco conicio distinctio cupressus defetiscor conforto iste desparatus tyrannus sopor','2024-01-30 10:30:57.376','2024-01-30 10:30:57.376'),
(320,'speculum cum addo tego laboriosam deputo ullus sursum benigne cornu suspendo summopere pecto timidus alius','2024-01-30 10:30:57.376','2024-01-30 10:30:57.376'),
(321,'viriliter dolor temeritas adsum porro subnecto cohibeo atque arx versus doloribus dapifer minima est caelestis','2024-01-30 10:30:57.376','2024-01-30 10:30:57.376'),
(322,'conor acidus adversus cognomen umquam catena degenero voluptas crinis callide volaticus turpis vicissitudo dolorum creptio','2024-01-30 10:30:57.376','2024-01-30 10:30:57.376'),
(323,'unde canonicus utique utor torrens attero distinctio pecus demulceo vester utor carcer quaerat approbo impedit','2024-01-30 10:30:57.376','2024-01-30 10:30:57.376'),
(324,'ambulo adicio altus aptus theologus vorax nemo vorax decerno thermae velit tabella volutabrum condico nesciunt','2024-01-30 10:30:57.376','2024-01-30 10:30:57.376'),
(325,'approbo defetiscor tepidus deduco agnosco ante vallum cariosus quae tripudio animus utroque acidus vestigium cursim','2024-01-30 10:30:57.376','2024-01-30 10:30:57.376'),
(326,'vinum sto depopulo barba supellex deporto derelinquo ubi charisma voco vilicus bis somniculosus adimpleo fuga','2024-01-30 10:30:57.376','2024-01-30 10:30:57.376'),
(327,'carmen condico quo alii strues ara abundans deorsum tamquam conservo talio undique ara ambitus tactus','2024-01-30 10:30:57.376','2024-01-30 10:30:57.376'),
(328,'consequuntur pariatur ait angelus conspergo utilis aliquid atrox suppellex cohaero asperiores amita suscipio confido thalassinus','2024-01-30 10:30:57.376','2024-01-30 10:30:57.376'),
(329,'abduco repellendus deleniti complectus attollo advoco tamen patior magni deripio acsi inflammatio communis assentator coadunatio','2024-01-30 10:30:57.376','2024-01-30 10:30:57.376'),
(330,'cibus suppono autem arguo umbra charisma aliquam adversus depopulo canto cena valde cribro vereor magnam','2024-01-30 10:30:57.376','2024-01-30 10:30:57.376'),
(331,'aranea conicio thesaurus asporto vulnero minima patria sol amet deprecator vix sol decumbo vitium arcesso','2024-01-30 10:30:57.376','2024-01-30 10:30:57.376'),
(332,'candidus super temeritas ipsum pecto curiositas confido curia deleo libero inventore ad arbitro velit dedecor','2024-01-30 10:30:57.376','2024-01-30 10:30:57.376'),
(333,'surculus caelestis patior casso cogito articulus tumultus triduana timidus decet pecco tristis cubicularis sum aduro','2024-01-30 10:30:57.376','2024-01-30 10:30:57.376'),
(334,'comptus aeternus teres ustulo apud ver desparatus coma carcer paulatim adulescens verecundia demulceo articulus tergum','2024-01-30 10:30:57.376','2024-01-30 10:30:57.376');
/*!40000 ALTER TABLE `Challenge` ENABLE KEYS */;
UNLOCK TABLES;

--
-- Table structure for table `Feedback`
--

DROP TABLE IF EXISTS `Feedback`;
/*!40101 SET @saved_cs_client     = @@character_set_client */;
/*!40101 SET character_set_client = utf8 */;
CREATE TABLE `Feedback` (
  `id` int(11) NOT NULL AUTO_INCREMENT,
  `adminComment` varchar(191) NOT NULL,
  `userComment` varchar(191) NOT NULL,
  `createdAt` datetime(3) DEFAULT current_timestamp(3),
  `updatedAt` datetime(3) DEFAULT NULL,
  `userId` int(11) DEFAULT NULL,
  PRIMARY KEY (`id`),
  KEY `Feedback_userId_fkey` (`userId`),
  CONSTRAINT `Feedback_userId_fkey` FOREIGN KEY (`userId`) REFERENCES `User` (`id`) ON DELETE SET NULL ON UPDATE CASCADE
) ENGINE=InnoDB DEFAULT CHARSET=utf8mb4 COLLATE=utf8mb4_unicode_ci;
/*!40101 SET character_set_client = @saved_cs_client */;

--
-- Dumping data for table `Feedback`
--

LOCK TABLES `Feedback` WRITE;
/*!40000 ALTER TABLE `Feedback` DISABLE KEYS */;
/*!40000 ALTER TABLE `Feedback` ENABLE KEYS */;
UNLOCK TABLES;

--
-- Table structure for table `Label`
--

DROP TABLE IF EXISTS `Label`;
/*!40101 SET @saved_cs_client     = @@character_set_client */;
/*!40101 SET character_set_client = utf8 */;
CREATE TABLE `Label` (
  `id` int(11) NOT NULL AUTO_INCREMENT,
  `name` varchar(191) NOT NULL,
  PRIMARY KEY (`id`),
  UNIQUE KEY `Label_name_key` (`name`)
) ENGINE=InnoDB AUTO_INCREMENT=9 DEFAULT CHARSET=utf8mb4 COLLATE=utf8mb4_unicode_ci;
/*!40101 SET character_set_client = @saved_cs_client */;

--
-- Dumping data for table `Label`
--

LOCK TABLES `Label` WRITE;
/*!40000 ALTER TABLE `Label` DISABLE KEYS */;
INSERT INTO `Label` VALUES
(3,'Assez bien'),
(1,'Bien'),
(5,'Excellent'),
(8,'Infrastructures'),
(2,'Mdiocre'),
(6,'Moyen'),
(4,'Null'),
(7,'Trs bien');
/*!40000 ALTER TABLE `Label` ENABLE KEYS */;
UNLOCK TABLES;

--
-- Table structure for table `Pole`
--

DROP TABLE IF EXISTS `Pole`;
/*!40101 SET @saved_cs_client     = @@character_set_client */;
/*!40101 SET character_set_client = utf8 */;
CREATE TABLE `Pole` (
  `id` int(11) NOT NULL AUTO_INCREMENT,
  `name` varchar(191) NOT NULL,
  `createdAt` datetime(3) DEFAULT current_timestamp(3),
  `updatedAt` datetime(3) DEFAULT NULL,
  PRIMARY KEY (`id`),
  UNIQUE KEY `Pole_name_key` (`name`)
) ENGINE=InnoDB AUTO_INCREMENT=5 DEFAULT CHARSET=utf8mb4 COLLATE=utf8mb4_unicode_ci;
/*!40101 SET character_set_client = @saved_cs_client */;

--
-- Dumping data for table `Pole`
--

LOCK TABLES `Pole` WRITE;
/*!40000 ALTER TABLE `Pole` DISABLE KEYS */;
INSERT INTO `Pole` VALUES
(1,'Nord','2024-01-30 10:30:44.075','2024-01-30 10:30:44.075'),
(2,'Sud','2024-01-30 10:30:44.075','2024-01-30 10:30:44.075'),
(3,'Est','2024-01-30 10:30:44.075','2024-01-30 10:30:44.075'),
(4,'Ouest','2024-01-30 10:30:44.075','2024-01-30 10:30:44.075');
/*!40000 ALTER TABLE `Pole` ENABLE KEYS */;
UNLOCK TABLES;

--
-- Table structure for table `Role`
--

DROP TABLE IF EXISTS `Role`;
/*!40101 SET @saved_cs_client     = @@character_set_client */;
/*!40101 SET character_set_client = utf8 */;
CREATE TABLE `Role` (
  `id` int(11) NOT NULL AUTO_INCREMENT,
  `name` varchar(191) NOT NULL,
  `createdAt` datetime(3) DEFAULT current_timestamp(3),
  `updatedAt` datetime(3) DEFAULT NULL,
  PRIMARY KEY (`id`),
  UNIQUE KEY `Role_name_key` (`name`)
) ENGINE=InnoDB AUTO_INCREMENT=5 DEFAULT CHARSET=utf8mb4 COLLATE=utf8mb4_unicode_ci;
/*!40101 SET character_set_client = @saved_cs_client */;

--
-- Dumping data for table `Role`
--

LOCK TABLES `Role` WRITE;
/*!40000 ALTER TABLE `Role` DISABLE KEYS */;
INSERT INTO `Role` VALUES
(1,'ADMIN','2024-01-30 10:30:44.081','2024-01-30 10:30:44.081'),
(2,'CURATOR','2024-01-30 10:30:44.081','2024-01-30 10:30:44.081'),
(3,'EXPLORATOR','2024-01-30 10:30:44.081','2024-01-30 10:30:44.081'),
(4,'USER','2024-01-30 10:30:44.081','2024-01-30 10:30:44.081');
/*!40000 ALTER TABLE `Role` ENABLE KEYS */;
UNLOCK TABLES;

--
-- Table structure for table `Solution`
--

DROP TABLE IF EXISTS `Solution`;
/*!40101 SET @saved_cs_client     = @@character_set_client */;
/*!40101 SET character_set_client = utf8 */;
CREATE TABLE `Solution` (
  `id` int(11) NOT NULL AUTO_INCREMENT,
  `name` text NOT NULL,
  `videoLink` varchar(191) DEFAULT NULL,
  `imageLink` varchar(191) DEFAULT NULL,
  `description` text NOT NULL,
  `callId` int(11) NOT NULL,
  `thematicId` int(11) NOT NULL,
  `targetedProblem` text NOT NULL,
  `statusId` int(11) NOT NULL,
  `createdAt` datetime(3) DEFAULT current_timestamp(3),
  `updatedAt` datetime(3) DEFAULT NULL,
  `userId` int(11) DEFAULT NULL,
  `poleId` int(11) DEFAULT NULL,
  PRIMARY KEY (`id`),
  KEY `Solution_callId_fkey` (`callId`),
  KEY `Solution_statusId_fkey` (`statusId`),
  KEY `Solution_thematicId_fkey` (`thematicId`),
  KEY `Solution_userId_fkey` (`userId`),
  KEY `Solution_poleId_fkey` (`poleId`),
  CONSTRAINT `Solution_callId_fkey` FOREIGN KEY (`callId`) REFERENCES `Call` (`id`) ON UPDATE CASCADE,
  CONSTRAINT `Solution_poleId_fkey` FOREIGN KEY (`poleId`) REFERENCES `Pole` (`id`) ON DELETE SET NULL ON UPDATE CASCADE,
  CONSTRAINT `Solution_statusId_fkey` FOREIGN KEY (`statusId`) REFERENCES `Status` (`id`) ON UPDATE CASCADE,
  CONSTRAINT `Solution_thematicId_fkey` FOREIGN KEY (`thematicId`) REFERENCES `Thematic` (`id`) ON UPDATE CASCADE,
  CONSTRAINT `Solution_userId_fkey` FOREIGN KEY (`userId`) REFERENCES `User` (`id`) ON DELETE SET NULL ON UPDATE CASCADE
) ENGINE=InnoDB AUTO_INCREMENT=122 DEFAULT CHARSET=utf8mb4 COLLATE=utf8mb4_unicode_ci;
/*!40101 SET character_set_client = @saved_cs_client */;

--
-- Dumping data for table `Solution`
--

LOCK TABLES `Solution` WRITE;
/*!40000 ALTER TABLE `Solution` DISABLE KEYS */;
INSERT INTO `Solution` VALUES
(1,'appono perspiciatis validus astrum autem veritatis textor spero provident cito turbo bellum vitae adversus cribro officiis ascit aspicio',NULL,NULL,'Iure vociferor deorsum reprehenderit. Earum nulla suggero convoco spargo. Sonitus valetudo depono.',1,9,'Quaerat statua accusamus adduco. Ademptio curvo antepono conor. Contigo talus victus aperiam temptatio quaerat infit.',2,'2024-01-30 10:30:57.405','2024-01-30 10:30:57.405',1,4),
(2,'laudantium condico vestigium stabilis denuncio abundans paulatim cohaero decimus tepesco aperte ea consequatur trado votum corrigo demum vilicus',NULL,NULL,'Cogito tutamen claustrum minus facilis aperiam sono. Tabernus cervus strenuus non nesciunt admiratio. Summa dignissimos coaegresco ascit apparatus admoveo comedo damnatio.',1,2,'Conscendo possimus denego. Desparatus sono approbo clamo cupressus cauda officiis alveus ab. Aperiam commemoro tamen ad deleo sunt talis corrumpo.',1,'2024-01-30 10:30:57.429','2024-01-30 10:30:57.429',2,4),
(3,'caput cuppedia paulatim teres vir ciminatio acervus velut abscido thymbra stultus ater credo artificiose allatus cunctatio ubi tepidus',NULL,NULL,'Corrigo tendo solitudo acer votum crapula antea comparo. Thesis atavus veritatis officiis tactus substantia sublime fugit bellum. Conscendo turba solus viriliter.',1,4,'Aro tot doloribus delectus. Compono tandem comitatus architecto acceptus concido consequatur. Assumenda sopor bellicus victus comminor pariatur desparatus.',3,'2024-01-30 10:30:57.443','2024-01-30 10:30:57.443',3,4),
(4,'thema tam civis aggero cursus ea dens accusamus adamo celer caput comedo vis amaritudo vomito theologus accedo vir',NULL,NULL,'Deduco volo suscipit speciosus. Totidem carmen uxor arbustum crustulum aliquam. Coerceo abutor celer utique apto vinculum conventus sodalitas.',1,9,'Ventito appello vae. Certus suffoco ademptio. Bestia voco eius consequuntur utor.',1,'2024-01-30 10:30:57.451','2024-01-30 10:30:57.451',4,4),
(5,'tollo suffoco deorsum vos deprimo spiculum atrox una ara cuppedia degusto velociter vaco ea totidem voluptatem tendo somnus',NULL,NULL,'Ver solus accusantium reprehenderit doloribus adeo claustrum comburo vicissitudo conventus. Quod adulescens adflicto cerno ceno beatus. Coadunatio decumbo voco provident totus celebrer aequus amplexus illo.',1,1,'Vespillo contigo cohors cribro tenetur tremo. Aeneus teneo tonsor. Molestiae derideo utrimque collum suscipit cogo aetas terebro.',2,'2024-01-30 10:30:57.464','2024-01-30 10:30:57.464',5,2),
(6,'clementia amicitia attollo verto esse dens tergum adficio adipiscor et ambitus censura coniecto aedificium veritas ars earum aestivus',NULL,NULL,'Utor tum abstergo subito alienus tibi. Circumvenio desolo caritas cuppedia atque aegre sodalitas decerno. Versus denuncio illum.',1,3,'Sum volup astrum cavus caelestis depraedor alienus quia. Sum quibusdam totam aliqua amissio cibo coma. Amicitia nulla deporto eius utilis infit.',2,'2024-01-30 10:30:57.474','2024-01-30 10:30:57.474',6,2),
(7,'ambulo coepi vestigium tabella amita valde amet talis aureus ciminatio vulgo demens carus volutabrum strues doloribus maxime subnecto',NULL,NULL,'Rem clam barba comburo succurro demens debeo sperno beneficium. Compono aveho creo admitto capitulus arca comedo. Claustrum tremo tabella compono apostolus amicitia.',1,6,'Desparatus omnis vos tardus urbs arx confero vita. Appello adhaero canis viscus tredecim. Crinis absens non uberrime.',2,'2024-01-30 10:30:57.485','2024-01-30 10:30:57.485',7,4),
(8,'adflicto creo thermae tener conor socius strues debilito aestas vita adfero ocer deduco tener enim suadeo explicabo agnitio',NULL,NULL,'Esse cursim arma audio calamitas temeritas. Vetus demulceo averto vinitor toties volaticus molestias. Labore acquiro coma suscipio eius canto concido vomica textus aeger.',1,7,'Ab attollo neque averto amor ducimus tumultus degusto. Appositus defleo doloremque conforto claro vulgo deprimo sufficio vereor amo. Cuppedia venustas alo trado vitiosus.',2,'2024-01-30 10:30:57.496','2024-01-30 10:30:57.496',8,2),
(9,'corrupti vomer thesaurus arbor calcar ipsa accendo studio currus usque tametsi decimus defessus nam conscendo occaecati trucido acies',NULL,NULL,'Textus vehemens decens abutor arx dolor ait. Claudeo labore uredo corrigo valens. Tandem calco consuasor caelum confido dolorum repellat.',1,3,'Patior nulla natus arca summisse amissio tres. Teneo ocer deputo voluptatem denuncio venia somnus ante. Officiis cilicium cruciamentum tabernus aut utrimque tendo.',2,'2024-01-30 10:30:57.504','2024-01-30 10:30:57.504',9,1),
(10,'beneficium fugiat virtus cedo adfero undique cetera acerbitas vigor pectus summopere verbum illum porro tertius barba delectus verus',NULL,NULL,'Cohors colo dolorum vorax decet facilis aveho thesaurus certe calcar. Umbra fugit aequus celo victoria compono vigor vulpes contra teneo. Delectus demulceo agnitio cubo quos maiores ago vallum delibero.',1,4,'Tamdiu aperte verto unde soleo. Impedit agnitio harum appono thesaurus conventus peior. Ex cruentus subnecto comitatus congregatio audeo reiciendis valeo utrimque convoco.',3,'2024-01-30 10:30:57.515','2024-01-30 10:30:57.515',10,4),
(11,'amplexus admoveo bis veritas tempus eius tempore decor maiores vulgaris coniuratio deleo dolorum cauda stips ascisco inventore arx',NULL,NULL,'Coepi tergiversatio eaque vorago speculum beatae sponte enim adficio. Vestrum sublime cohibeo vix textor delectatio appono quod stips clibanus. Adfectus absconditus caute cubitum teres spes succurro vigor arbustum.',1,9,'Strues torqueo cuius consequatur amicitia. Ambulo adeptio ipsum odio curatio ea armarium aeternus paens. Dolorem subiungo acquiro desino clibanus sophismata.',3,'2024-01-30 10:30:57.524','2024-01-30 10:30:57.524',11,2),
(12,'distinctio accedo vergo conforto arto verecundia vulgivagus calco conculco calculus adeptio adhaero aqua ullam caelestis trucido demonstro facere',NULL,NULL,'Cunabula capillus demoror absens cui. Abeo solitudo sufficio. Cetera conor verbum architecto adeo.',1,3,'Damno cunae arbustum cur similique cito quia victus cotidie triduana. Animadverto tamen celo vomica. Sapiente doloremque patior aduro ars aeternus casso verus quaerat cogito.',2,'2024-01-30 10:30:57.537','2024-01-30 10:30:57.537',12,3),
(13,'admitto tristis suggero aegrotatio cado vehemens venia vitae aperiam rem tum deleo sponte arguo caterva voro voveo capio',NULL,NULL,'Nobis caries textor amiculum. Vulnus vapulus amicitia. Usque tyrannus volup talis tego depono.',1,6,'Patruus curvo coniuratio pecco argumentum delectus patior constans torrens debeo. Correptius ullus clibanus sit despecto amissio temptatio tenax officiis certus. Tubineus creta usus arbustum porro tamisium.',1,'2024-01-30 10:30:57.546','2024-01-30 10:30:57.546',13,2),
(14,'utor deputo desipio ademptio cum sonitus error decerno fuga appositus canis demitto non agnosco vacuus strenuus cruciamentum strues',NULL,NULL,'Necessitatibus supellex succedo beneficium. Vivo asporto curtus aeternus est testimonium aspicio. Eos suppono vesica appositus terga nulla cunctatio solum abduco.',1,7,'Clarus administratio adversus claustrum sol celo clibanus nesciunt. Amissio sodalitas tantum triduana corrumpo nostrum. Cotidie tergeo stella deduco unus corpus.',1,'2024-01-30 10:30:57.555','2024-01-30 10:30:57.555',14,1),
(15,'spargo iusto advoco texo denuo utroque adeo cibus animadverto aeternus suspendo placeat adficio patria aperio in maiores totidem',NULL,NULL,'Cognatus velit uxor conculco bos. Audeo suadeo testimonium. Sodalitas suspendo urbanus alienus.',1,2,'Verbera cuppedia vociferor vilitas quae ara aqua comedo. Sunt officiis ulciscor abundans. Nobis odit tutamen utique torqueo bestia acerbitas bellicus peior articulus.',1,'2024-01-30 10:30:57.563','2024-01-30 10:30:57.563',15,1),
(16,'ver aeger adstringo urbanus succurro decretum compello aegre caput neque trans amiculum solio ara libero condico cavus vitium',NULL,NULL,'Vinum adeo veritatis. Denuo capto cena undique vilicus. Arto odit adstringo cinis artificiose thermae quae sperno pauper.',1,4,'Cui altus deputo. Cado adinventitias succurro texo sustineo. Cilicium terror collum creber creta tamdiu ultio pecco deleniti.',2,'2024-01-30 10:30:57.574','2024-01-30 10:30:57.574',16,4),
(17,'thermae tepidus inflammatio occaecati sponte carpo vinitor patria tabella adipisci tergo vix creo carmen ultio constans aufero decens',NULL,NULL,'Doloribus ducimus ipsa accendo doloribus crur thalassinus apparatus calamitas sufficio. Nobis usque decet allatus non angelus torqueo varius claustrum. Talis curo advoco ipsa debeo carbo cado utroque odit.',1,1,'Capto virgo studio fugiat cuppedia clementia sumo trucido cupio similique. Adamo trado spargo taceo spargo sustineo et tonsor blandior verbera. Creta corona aro abduco curia audeo tempora caelestis demens.',2,'2024-01-30 10:30:57.584','2024-01-30 10:30:57.584',17,2),
(18,'audax magnam terra statua ustulo arbitro maiores crux repellat summa arto defero cito sit suadeo thermae paulatim depulso',NULL,NULL,'Cubicularis adsuesco alienus attollo arx. Pax aptus ver quis theatrum subiungo apto. Quidem demonstro veniam verto timor vesper vomer tempus.',1,5,'Theatrum voluptates veniam curatio sumptus. Adipiscor amor aurum tempore. Vito temporibus socius demulceo.',2,'2024-01-30 10:30:57.595','2024-01-30 10:30:57.595',18,1),
(19,'vir solvo turbo defessus soluta video nulla volutabrum maxime celer animus solium territo socius acsi voluptates aranea tres',NULL,NULL,'Amplitudo theca minima volubilis sol articulus callide vomer. Culpa suffragium excepturi pecto deporto blanditiis. Aetas argentum bene adstringo caecus patruus fugiat demens quidem.',1,9,'Cubicularis canto conculco ceno. Theca vulgivagus alias videlicet tabesco vomito sollers suspendo curis cupressus. Viscus nam ascit cometes suppellex.',3,'2024-01-30 10:30:57.606','2024-01-30 10:30:57.606',19,4),
(20,'subnecto ademptio vulnero tempore accusamus demoror tenax triduana vaco caritas quos cras cognatus aduro ulciscor corrupti umbra atqui',NULL,NULL,'Fugit vergo validus valeo testimonium adulescens traho cunabula illo conservo. Timidus bene summisse basium currus balbus blandior labore. Pecco similique aro acsi acervus adulescens texo tergum videlicet conculco.',1,3,'Congregatio soleo culpo voluntarius cernuus thalassinus summa conduco eaque commodo. Cohibeo tonsor carpo thorax. Conspergo debilito cimentarius thymum varius argentum cotidie creo ventosus.',2,'2024-01-30 10:30:57.617','2024-01-30 10:30:57.617',20,4),
(21,'aliquam pel tepesco thermae decretum carbo solutio aduro coepi arceo suscipio inflammatio tubineus vinculum tremo acies pecto sponte',NULL,NULL,'Stabilis vulpes tempus annus tergum inflammatio barba. Ipsam verbera solvo sint veniam terror aro ceno certe. Cernuus cubicularis totam spoliatio quod ab spoliatio abduco creber taedium.',1,5,'Terminatio arca pel. Titulus acer tondeo tripudio pauper agnosco bonus. Deduco sollicito deleo thymum vito.',2,'2024-01-30 10:30:57.628','2024-01-30 10:30:57.628',21,3),
(22,'vigilo architecto tredecim aequus accusator cogito veritatis blandior caritas adsidue tollo demum carpo statua crux sollicito degenero volup',NULL,NULL,'Copia antea paens labore deporto. Conitor antea campana tres. Venio defessus terebro.',1,4,'Rem suffoco porro altus supellex apparatus. Conventus vilitas vespillo advenio vorago beneficium amplus utrimque. Bonus ultio aurum.',3,'2024-01-30 10:30:57.637','2024-01-30 10:30:57.637',22,2),
(23,'admoveo vita amplitudo spes nihil curiositas angelus alter suadeo sordeo quia congregatio compono demum eos deludo utrum stips',NULL,NULL,'Aliqua conicio considero volo cimentarius credo velit aspernatur nisi excepturi. Ventosus tristis vaco coruscus alias. Ascisco clibanus consequuntur porro tondeo cibus aestivus inflammatio angulus tumultus.',1,7,'Vinculum triduana volup tersus adipisci strues spoliatio depereo. Caveo sopor cupiditas. Apparatus suffragium quo appono.',1,'2024-01-30 10:30:57.647','2024-01-30 10:30:57.647',23,4),
(24,'vallum consuasor subnecto laboriosam ducimus terror auctor theologus subnecto voluptas campana terreo saepe sumo canis consequuntur depraedor sit',NULL,NULL,'Deprecator suffoco attollo universe. Theologus iste deripio acceptus solvo ambitus. Caelum surculus apostolus acerbitas sui cohors bellum animi.',1,8,'Depono conscendo dignissimos. Desipio coniecto aegrotatio alo suasoria. Trans alveus altus vere caelum.',1,'2024-01-30 10:30:57.656','2024-01-30 10:30:57.656',24,3),
(25,'teres canto inventore quis amita corrumpo audio dapifer adsum ocer libero vos taceo cognatus sperno vita atrox conatus',NULL,NULL,'Turba doloremque quo dolores. Tabgo vis cena. Thema tot tunc officiis velociter vorax carpo ipsa neque.',1,3,'Neque itaque ipsum theatrum. Vorago vulpes in comminor verbum tutis coniuratio. Arcesso valetudo mollitia neque absque sed dedico.',2,'2024-01-30 10:30:57.666','2024-01-30 10:30:57.666',25,1),
(26,'cum laborum utroque speculum veniam aegre stipes spes carpo tergo cultellus atqui spero baiulus communis cerno admiratio universe',NULL,NULL,'Thesaurus defleo ter uterque tamisium iste abutor tendo. Debeo complectus vinum repellat paens varietas asperiores absque. Calco suffragium aureus cunae cur cotidie sufficio facilis occaecati.',1,4,'Adfero sto inflammatio iste advenio adipisci aveho. Umbra vicinus color. Perspiciatis certus occaecati cado solum aveho amissio carus dignissimos.',2,'2024-01-30 10:30:57.675','2024-01-30 10:30:57.675',26,1),
(27,'speculum cultura defessus praesentium sollicito acquiro maiores voco bonus valeo caries caelestis ultra qui reiciendis vespillo bonus succedo',NULL,NULL,'Angulus concido nobis usus advenio currus admitto curiositas. Peccatus acsi suppono abduco vix corporis arto cenaculum voluptates repudiandae. Solium occaecati hic conspergo avaritia.',1,1,'Sodalitas arceo nam vos textilis. Perspiciatis curia victoria summopere perspiciatis absorbeo. Excepturi crapula terror.',1,'2024-01-30 10:30:57.684','2024-01-30 10:30:57.684',27,3),
(28,'attonbitus denuo sublime strenuus aequitas ascisco desipio aliquid alienus ea testimonium conscendo ago iure vulgivagus defero deficio stillicidium',NULL,NULL,'Arceo verbera demens tot. Benevolentia canto vitiosus voluptas amissio fugiat ducimus aequitas clamo talio. Derideo subvenio virga universe deleniti turpis vix.',1,1,'Solus ambulo appello cubitum suasoria dicta abscido ademptio stella. Statim tribuo cubitum in voco. Uxor vester sursum ter amicitia.',2,'2024-01-30 10:30:57.692','2024-01-30 10:30:57.692',28,1),
(29,'tempus numquam quibusdam virga distinctio clam ustilo amet combibo tricesimus adimpleo tum defaeco crux calculus tribuo sopor denego',NULL,NULL,'Caecus succurro eum dedico architecto aut. Urbanus cimentarius suscipio accedo textor appello vaco. Aeneus debeo terreo caecus.',1,5,'Compono spiculum tertius velut. Surculus reiciendis tredecim utrum. Ut vinculum curis tabella adsum desipio umbra turbo anser.',2,'2024-01-30 10:30:57.703','2024-01-30 10:30:57.703',29,2),
(30,'dicta trucido suspendo velum credo tergiversatio consuasor thesaurus temeritas ter currus vitae cultura vorax commodo taedium calcar amiculum',NULL,NULL,'Corrigo abduco adamo currus ulciscor cito ullam acceptus collum. Suggero est aestivus peccatus. Terebro talio terror absconditus sit vita curtus sub apto minima.',1,3,'Bene carcer contego tremo titulus. Aut vulgivagus modi curso sperno esse. Adamo tergiversatio ratione.',1,'2024-01-30 10:30:57.713','2024-01-30 10:30:57.713',30,4),
(31,'ultio vetus cubicularis supellex quia totus uter pauper nihil studio aureus succurro pecus ciminatio demens speciosus crinis cuius',NULL,NULL,'Perspiciatis vita repellat absum vesco eos laboriosam cauda. Vitiosus audax suffoco cervus voluntarius velut clibanus videlicet aperio. Vomito inventore statim adversus vitium.',1,9,'Consuasor convoco consuasor defendo comminor subiungo. Aperio vomito civis tego temptatio pectus aegrus creta torqueo. Suffragium textus amor adduco vehemens tamquam vetus cruciamentum.',1,'2024-01-30 10:30:57.723','2024-01-30 10:30:57.723',31,3),
(32,'vulgus astrum cruciamentum benevolentia certus dolor advenio vinum tabernus aegrotatio stips acidus audacia doloribus amplitudo utpote sublime cognomen',NULL,NULL,'Certe audio excepturi triduana vix tamdiu bardus damnatio. Quos consectetur vociferor abbas caritas aperiam amicitia maiores suppellex autus. Tres crinis pectus solio speculum voco amor.',1,2,'Colo omnis amet. Solutio tenax solutio creber delectus copiose vulnero tyrannus barba. Amiculum terga officia repellendus approbo barba.',2,'2024-01-30 10:30:57.737','2024-01-30 10:30:57.737',32,2),
(33,'validus talis iusto debilito supellex cupio derelinquo cornu amet timor corrigo amplus tremo arguo convoco tardus cariosus porro',NULL,NULL,'Curvo acervus deleniti dedico. Utor omnis catena benigne vomica viscus ipsum. Vinco assumenda peccatus amo texo bibo.',1,1,'Utrum error abbas caecus viriliter vinco. Venio tabella undique audeo sopor. Curis undique abundans at.',2,'2024-01-30 10:30:57.750','2024-01-30 10:30:57.750',33,1),
(34,'compello consequatur amor sit basium animi theca calcar libero vulnero vinitor velum cresco reiciendis textilis terreo tribuo celebrer',NULL,NULL,'Temporibus dedico corrumpo aveho. Coniuratio talus versus. Ultio aetas traho suspendo toties.',1,3,'Callide absque incidunt. Viscus deleo deduco defungo consectetur eaque enim voluptates earum vinum. In thesis cupiditate id carbo.',2,'2024-01-30 10:30:57.759','2024-01-30 10:30:57.759',34,1),
(35,'concedo carus quibusdam accusator alter culpo accommodo trepide vito eum tener vindico alter trans atavus varius abeo contigo',NULL,NULL,'Bellicus laudantium super ambulo socius pauci recusandae viridis currus. Amissio viduo tactus itaque vester vilitas utilis quia. Eos animi acceptus demoror.',1,2,'Caries aufero fuga expedita bibo minima textor. Impedit depulso umquam vulgo una acerbitas. Unde tametsi accusamus.',3,'2024-01-30 10:30:57.768','2024-01-30 10:30:57.768',35,1),
(36,'adulatio atrox xiphias aperio bardus succurro spiritus dolorum acerbitas vesco ultio vox aedificium antiquus cultura ait quia casus',NULL,NULL,'Carbo aptus adhuc velit arbitro amor. Abstergo argumentum abbas adduco. In decerno comitatus adhuc caterva comedo non totidem.',1,6,'Nemo patria necessitatibus earum quidem. Circumvenio cubicularis amet valetudo mollitia. Labore sit truculenter clam volaticus deorsum adinventitias suppellex.',1,'2024-01-30 10:30:57.778','2024-01-30 10:30:57.778',36,3),
(37,'delectus caelum vinco sumo vacuus careo arx spoliatio perspiciatis solum alter reprehenderit timidus una cruentus modi aro denuo',NULL,NULL,'Commodo surculus usus iusto somniculosus vinculum ager undique vehemens. Vinco arguo alius verto alii censura explicabo cuppedia. Concido expedita amiculum amaritudo cupio somnus quas statim dolores.',1,7,'Peccatus validus atrocitas caecus curriculum eum tametsi vitae defendo. Validus sulum thymbra in aestas. Aliquam utrum video antiquus argentum tamquam aegrotatio.',3,'2024-01-30 10:30:57.790','2024-01-30 10:30:57.790',37,4),
(38,'bestia vel ambitus clamo summopere concedo aperte vir cupio clam dolorum solvo amiculum comedo peccatus audio sui excepturi',NULL,NULL,'Necessitatibus a approbo tres demum depulso adsum. Magni comptus vorax itaque summopere. Deorsum defendo deporto eveniet veniam.',1,3,'Arma vox mollitia adsum. Accusator absconditus aperte supra abeo cribro ullus taedium autem arceo. Tandem conscendo placeat recusandae delectus ullus capio.',3,'2024-01-30 10:30:57.801','2024-01-30 10:30:57.801',38,2),
(39,'concido officia bardus aliquam tunc conforto ager aliqua coruscus acerbitas bis addo quas calco adulescens dolorum eius teneo',NULL,NULL,'Voluptates clamo fugit denego. Amet suppellex cubitum deludo blanditiis tener cavus tergeo vomica. Audio adhuc accusamus.',1,6,'Comparo recusandae tepidus bellicus. Denuo deinde volo super tonsor. Cribro explicabo conventus subvenio accendo.',1,'2024-01-30 10:30:57.810','2024-01-30 10:30:57.810',39,3),
(40,'quo thalassinus odio tondeo tamen adicio amitto viduo aliquam ducimus iure pariatur tamdiu vis deinde adsuesco dignissimos cursus',NULL,NULL,'Ullus accusantium spoliatio coma cunabula suspendo vinco aperte tergum. Adhuc ullus alter. Adulatio curriculum celer suffragium.',1,1,'Sequi aiunt veritas demergo voco. Umerus quas atque reiciendis thesaurus aqua comedo conculco. Tamdiu peior cibo adsuesco laboriosam.',1,'2024-01-30 10:30:57.817','2024-01-30 10:30:57.817',40,2),
(41,'ventosus cohors aeger traho tergum testimonium callide cerno tego antea chirographum ipsa vilitas taedium demergo accusantium defaeco aptus',NULL,NULL,'Versus coadunatio caritas supplanto. Aduro aspernatur color vereor. Vergo delibero pauci adstringo animus trado delinquo vae spargo tantillus.',1,1,'Solvo ullus inflammatio sui tumultus textilis tergeo patior. Corroboro aveho alias cernuus deprecator ceno supellex deprimo delectus. Animus tempore nesciunt.',3,'2024-01-30 10:30:57.825','2024-01-30 10:30:57.825',41,2),
(42,'tripudio astrum vereor creptio carpo aegrus vulgivagus eligendi adeo utrimque sint abstergo annus suppellex caritas cubo crudelis valens',NULL,NULL,'Vomito certus suscipit. Supplanto vesper alius volup corporis acervus cervus urbanus correptius vel. Deprecator viridis cimentarius earum crastinus.',1,1,'Asporto cetera concedo taceo corpus reprehenderit consuasor decipio viscus comburo. Vigilo caput aegrus verus dicta. Tergo cetera ulciscor amaritudo.',1,'2024-01-30 10:30:57.839','2024-01-30 10:30:57.839',42,3),
(43,'coepi suasoria validus volva amaritudo magnam alter atrox bellicus derelinquo virga sodalitas demergo appositus demonstro suppono solum admitto',NULL,NULL,'Decens omnis adamo territo conduco adfero patior apto. Crapula subseco explicabo molestias clam. Cruciamentum denuo tamen voluptate temperantia curriculum theatrum conculco.',1,6,'Volo pectus mollitia odio. Vado vulgo amicitia cupiditas odio beatus. Derelinquo turbo eveniet ubi eos quod eveniet tumultus carbo thema.',2,'2024-01-30 10:30:57.854','2024-01-30 10:30:57.854',43,4),
(44,'delinquo subnecto quisquam arguo cum aperte crapula consuasor aequus tyrannus porro architecto validus cunabula amita carcer traho iusto',NULL,NULL,'Textus suffoco alias celebrer balbus. Tergum suspendo cuius denego solus. Trepide corrupti comptus sulum comes cursim depraedor.',1,9,'Conturbo aggero taedium cur cui sint. Animi ventito audio argumentum officia vacuus patruus. Catena amor deserunt conventus laudantium super conatus quam ex subseco.',3,'2024-01-30 10:30:57.865','2024-01-30 10:30:57.865',44,4),
(45,'at vehemens aggredior atrox neque facere solio desidero degenero copiose defungo enim vox despecto compono comptus corrigo terror',NULL,NULL,'Adulescens cuppedia velociter thalassinus cui valens. Creo decipio placeat volo. Tamdiu tenetur aegrotatio error comes expedita considero derelinquo.',1,2,'Acer consequuntur tergiversatio excepturi et abduco abeo bonus quod. Perspiciatis sapiente toties hic patrocinor ulciscor delego sustineo at dedecor. Voluptate desolo porro cubo traho tergeo deporto.',2,'2024-01-30 10:30:57.876','2024-01-30 10:30:57.876',45,3),
(46,'cornu utrum suffoco apto arceo advoco demum defungo ulciscor aro claustrum depulso decet tum absum subiungo umquam sumptus',NULL,NULL,'Terga quia balbus territo tondeo aeger socius corrupti. Valetudo conduco aperiam delibero taceo claustrum amoveo strenuus. Eaque deleo adipisci tabernus.',1,5,'Tenax pel cetera arguo aegre cetera acquiro. Decerno crapula appono minus coepi eveniet tergiversatio subnecto. Calamitas officiis temptatio conspergo attollo advoco conventus.',2,'2024-01-30 10:30:57.891','2024-01-30 10:30:57.891',46,4),
(47,'ipsa verus armarium maiores ventito dedico sophismata vester ulciscor cunabula comminor ducimus absorbeo vergo aetas aequus aliquid cresco',NULL,NULL,'Porro eligendi tot sperno certus iste aro vigor astrum. Cruciamentum in peior degusto centum. Ventosus arcus debilito.',1,8,'Vae decipio suffragium depopulo basium vulgaris timidus. Carus tubineus ultio tego necessitatibus adhuc. Curia cognatus temptatio aequus socius sublime contra solio caritas conqueror.',2,'2024-01-30 10:30:57.902','2024-01-30 10:30:57.902',47,2),
(48,'canto thesaurus suasoria theatrum cuppedia defetiscor conor vereor absum temporibus cernuus victus comis uxor denique verus sit alveus',NULL,NULL,'Desidero vero demonstro commodi summa ex maxime tersus civis arceo. Voluptas conspergo possimus vomica. Vulgivagus laborum vis pax vis corrigo barba defleo angustus.',1,6,'Perspiciatis quas quod coniecto thymum itaque titulus. Una vester libero nobis avarus sequi clamo. Vulgus benevolentia colo.',3,'2024-01-30 10:30:57.918','2024-01-30 10:30:57.918',48,2),
(49,'aurum suspendo dolorum vester concedo subvenio fugiat repellat vestigium abstergo colo cedo benevolentia tactus inventore comptus cauda substantia',NULL,NULL,'Stultus argumentum auxilium tot taedium curriculum impedit valens. Attero demens tergum rem tabesco aspernatur. Deleo optio claro.',1,2,'Suus molestiae turbo caveo voluntarius cado tam patior totidem. Quo benigne pectus agnitio virgo laborum tego strenuus accendo video. Dolor utique aeneus absque chirographum sed curis vomito.',3,'2024-01-30 10:30:57.929','2024-01-30 10:30:57.929',49,1),
(50,'curvo vindico aeger appello adamo modi ceno turba defungo demoror substantia crinis basium tergum textilis quo minima suspendo',NULL,NULL,'Arbor comis unde defungo usque absconditus vos. Adnuo verus statua ager soleo universe. Tonsor possimus anser theologus tracto spero quia quos communis facere.',1,3,'Tremo contego thalassinus. Sunt aggredior utor tabula patrocinor adsuesco arx at. Absum numquam adversus debitis.',1,'2024-01-30 10:30:57.941','2024-01-30 10:30:57.941',50,2),
(51,'crebro apparatus commodo textor iure utrimque pauper autem conturbo utpote defessus absens campana tribuo tenuis terminatio confido censura',NULL,NULL,'Cur spero acceptus arcesso. Cito sub curto advoco avarus minima aliqua teres. Verecundia undique amplexus autus.',1,6,'Tabula qui curatio curso barba voco accendo fuga articulus auctus. Vindico cunabula concido similique repudiandae tempora curis. Desipio tempora vilitas.',3,'2024-01-30 10:30:57.952','2024-01-30 10:30:57.952',51,1),
(52,'assentator tandem bonus virgo adhaero occaecati candidus bonus uberrime adulescens addo aspicio blanditiis non velociter virgo crustulum thesaurus',NULL,NULL,'Inflammatio tandem verus ustilo somnus curtus valde. Tabesco adfectus eligendi ver adulescens cogito arbitro usus. Considero viriliter venustas aliquid tertius est terga quisquam aufero solum.',1,8,'Labore comparo absum pectus modi adduco synagoga. Teres voluptatum error subvenio creta comparo tristis canto. Tyrannus terra sint territo cedo acceptus ventus bellicus laudantium cometes.',1,'2024-01-30 10:30:57.963','2024-01-30 10:30:57.963',52,1),
(53,'studio sonitus vitium libero eius acerbitas tempore sufficio delibero sapiente cribro damno argentum calamitas conatus dedico viduo vesica',NULL,NULL,'Supra addo praesentium arx debitis quae crapula assumenda. Celebrer acceptus crebro at supplanto causa vallum. Comptus demoror tonsor cena casus volva ars stillicidium.',1,5,'Aetas conservo accendo basium clementia depopulo totam bis summa. Delibero vomito baiulus vinum conforto stillicidium accusantium denego circumvenio. Celo trado perferendis.',2,'2024-01-30 10:30:57.973','2024-01-30 10:30:57.973',53,4),
(54,'toties spectaculum ademptio copia spero communis usque undique rem decor volup arma numquam comburo beatus confugo incidunt titulus',NULL,NULL,'Vulgivagus credo capto accedo atqui supplanto. Demergo depromo natus aliqua templum quasi thema stella inventore usus. Ademptio aestivus vomica accendo apostolus auxilium numquam subito.',1,1,'Socius neque valeo. Sulum stillicidium coma. Subvenio depono aedificium autem debitis acervus utroque super deleo.',1,'2024-01-30 10:30:57.984','2024-01-30 10:30:57.984',54,3),
(55,'tui acer perspiciatis apostolus spero pecto teres sopor occaecati vulnus viscus civitas voro thesis cena coadunatio veniam utrimque',NULL,NULL,'Abundans cresco calcar. Barba quasi vindico coma. Minima nisi comedo voluptates trans.',1,8,'Traho una coma corona ratione subseco cotidie. Aestus ventito accusator tot crur autem uberrime laboriosam. Bardus vulariter cupio versus tempore.',2,'2024-01-30 10:30:57.998','2024-01-30 10:30:57.998',55,4),
(56,'crinis vitium vorax suus contego quaerat cupiditas quae facere demergo aegrotatio via cupiditas comburo appono conduco debeo coniuratio',NULL,NULL,'Curiositas color usitas summisse verto aetas commodi. Curatio tenus tactus via claustrum tandem talis angustus. Depono ara ullam optio adsum magnam spiritus.',1,5,'Decens surgo taceo clibanus solutio aggero adinventitias vilicus subnecto. Angustus deficio advenio asper cauda copiose agnosco. Curto quod desparatus non tres delectatio.',3,'2024-01-30 10:30:58.010','2024-01-30 10:30:58.010',56,2),
(57,'aedificium coma celebrer tristis absens adimpleo earum vesco antepono atavus surgo amplexus vero sequi laborum anser doloremque decumbo',NULL,NULL,'Soleo adfectus convoco demo assentator arx textus timidus apto soluta. Tredecim aranea perspiciatis cibus titulus aveho. Velum cena comedo ut copia corrumpo creo vivo.',1,8,'Curatio aegrotatio amiculum eligendi. Verus avaritia delinquo crapula viscus carcer. Suscipio decretum casus.',2,'2024-01-30 10:30:58.023','2024-01-30 10:30:58.023',57,4),
(58,'thermae suffoco volup ventus conscendo capitulus amicitia crudelis ver comprehendo carmen amplus ullam tutis viriliter solum trado deludo',NULL,NULL,'Curatio repudiandae validus viriliter carcer. Vulgivagus suspendo deripio. Catena pax vel viridis ager pauci sponte utor accusantium.',1,3,'Vado argentum quis ullus alienus tamdiu subseco unde. Varietas suadeo adfero ulciscor delectatio cetera tracto. Eius volubilis desparatus asper spargo patruus coniecto suscipit ventito necessitatibus.',1,'2024-01-30 10:30:58.035','2024-01-30 10:30:58.035',58,2),
(59,'eaque bos suppellex testimonium sono vulgaris eveniet bis tamen demonstro vinco patrocinor confido voveo totidem adipiscor synagoga curis',NULL,NULL,'Caelum ambulo arbor. Balbus cunae clarus terra. Totidem quaerat tolero defero.',1,2,'Comparo tenax caput umerus sequi. Via qui illum sortitus cicuta denuo torrens dolorum amo. Adficio tandem accendo villa ara ullam.',1,'2024-01-30 10:30:58.050','2024-01-30 10:30:58.050',59,1),
(60,'cohibeo credo inventore tubineus cotidie tergum cultellus valeo spero barba vorago ocer bene despecto tertius aequus et attonbitus',NULL,NULL,'Argumentum sol taedium derelinquo commodi alo avaritia tersus delectatio. Officia venio viriliter concedo usus appositus denique amoveo eius libero. Attonbitus subiungo aggero debeo thymum adipisci.',1,2,'Depulso carbo caritas amita adnuo conculco trans certus. Absens officia cultellus dolorem voluptatibus abduco pel. Tactus pecco certus vero labore repellat curia culpo concido aperio.',3,'2024-01-30 10:30:58.062','2024-01-30 10:30:58.062',60,2),
(61,'adamo amiculum corpus debitis decerno hic suggero clementia suffragium compello stella adulescens armarium stabilis cerno bos alveus absens',NULL,NULL,'Cultellus nihil valens reprehenderit pectus ustilo conicio tredecim currus. Molestiae earum culpo ambitus callide. Antepono vulariter bestia debeo quos.',1,3,'Spoliatio viridis admoveo vomica voluntarius ars delego tenax conatus. Strenuus voluptatum crapula veritatis sufficio. Corona vel velut vulgo beatus animus tergum.',2,'2024-01-30 10:30:58.072','2024-01-30 10:30:58.072',61,4),
(62,'optio sollers color solio quod accusamus vester cariosus viscus odio cogo vir perferendis corona suscipio perferendis currus quas',NULL,NULL,'Ipsum subito calcar calculus officia. Laboriosam tener tertius ciminatio acerbitas suasoria deleo harum dedico harum. Ver utrimque infit sustineo terra alveus theatrum venia.',1,3,'Auctus bellum deprimo sed attonbitus explicabo bibo venustas sperno vesco. Angelus carbo adstringo acquiro sperno auditor minus. Teres aspicio tempora quasi sonitus cognatus nesciunt conspergo tenax.',2,'2024-01-30 10:30:58.084','2024-01-30 10:30:58.084',62,4),
(63,'depraedor alias vinum theologus certus arto subiungo conturbo deficio consuasor ceno atque aetas addo denego culpa necessitatibus stips',NULL,NULL,'Casus delicate ambulo tamisium curo. Vivo capillus taedium angelus degero deludo thalassinus paens tamquam depulso. Substantia corporis adnuo rerum abutor.',1,1,'Debeo absconditus calculus officiis terror theologus statua. Natus pecco surculus. Textilis acervus aranea corrumpo deprecator.',1,'2024-01-30 10:30:58.096','2024-01-30 10:30:58.096',63,2),
(64,'alienus vulgus conitor vespillo chirographum cunabula depopulo vox curiositas argentum vestigium subiungo casus sursum modi vaco delego eum',NULL,NULL,'Balbus aliquid arcus suadeo altus. Sumo decretum thema vulgaris thermae. Civitas dolorum provident contra curto testimonium ut civis.',1,4,'Tredecim accusator unde caritas dolores laborum. Carus aggero videlicet antea vobis capitulus studio argumentum cupressus comptus. Triduana eos minima desipio solus curis utilis patior damno.',1,'2024-01-30 10:30:58.109','2024-01-30 10:30:58.109',64,1),
(65,'tripudio deinde terror sophismata ventosus auditor conspergo utpote neque comedo cras arguo spiritus teneo tenus curvo patruus dolorem',NULL,NULL,'Autem deprimo sordeo strenuus sustineo. Decet tempus stipes suppono iure. Cupio depraedor accusantium aeger defero ullus aveho deserunt adipisci cicuta.',1,1,'Paens nisi tempora alveus unus. Angulus cunae decens commodi. Aperio titulus thorax repellat suggero inflammatio culpa conicio.',3,'2024-01-30 10:30:58.118','2024-01-30 10:30:58.118',65,4),
(66,'veniam debilito iste acervus tertius benevolentia adduco auditor celo tergiversatio consequuntur a copiose depopulo bellicus nemo cinis ambitus',NULL,NULL,'Cinis strenuus utilis illo verbera. Adamo quasi aperiam avarus adulatio tondeo natus accedo error catena. Alveus verbum adamo animi magni tametsi bestia sufficio vinco laudantium.',1,2,'Suspendo damno quia clam cado dapifer demergo angelus autem crudelis. Uberrime ventito valens defetiscor tendo quod. Quos alienus utilis sollers tero alienus neque.',1,'2024-01-30 10:30:58.129','2024-01-30 10:30:58.129',66,3),
(67,'arca delinquo confido sumo tremo undique bardus vehemens ipsum vulticulus averto enim vicinus neque uxor adopto audacia canis',NULL,NULL,'Defero subiungo cupiditas arceo peior tergo sufficio atqui. Careo bis video demonstro aestus. Utor constans sit.',1,9,'Curriculum crapula coepi aliquam amplexus officia. Asper animus confero truculenter solutio vacuus amet ter. Conventus bos speculum cetera.',1,'2024-01-30 10:30:58.139','2024-01-30 10:30:58.139',67,1),
(68,'approbo condico charisma utrum vinco accommodo theologus hic tendo esse cultura tremo vapulus quos iste volubilis ago quam',NULL,NULL,'Terga dens comptus ubi deficio verumtamen aedificium odio. Vestigium aggredior defungo defendo similique utique pauci terra. Balbus audacia vester tabesco tendo vorax vobis artificiose.',1,7,'Derelinquo depulso viriliter debilito caput sumo. Spiritus tempore architecto odit. Patior cultellus arcesso color sto terreo.',1,'2024-01-30 10:30:58.152','2024-01-30 10:30:58.152',68,1),
(69,'pectus avarus verumtamen vita aro catena assentator abbas audentia tergo subvenio ipsum quasi tandem vix quod alter defungo',NULL,NULL,'Non veniam ventito victus cultura conitor accusamus absorbeo. Paens thorax curriculum dedico vulgus. Auxilium absorbeo cenaculum tondeo urbs certe.',1,6,'Patrocinor statim fuga spero crastinus vilis vae adficio. Deprecator curvo culpo tergum auctor paulatim. Decumbo dolorem curso summopere stultus.',1,'2024-01-30 10:30:58.164','2024-01-30 10:30:58.164',69,3),
(70,'corrupti cura decor timor theologus pax sublime numquam adnuo via desino comis aliquid apostolus desino vesco amoveo ambitus',NULL,NULL,'Nesciunt attonbitus desolo suscipit tutis. Subiungo suppellex cogito baiulus tamquam inflammatio. Odio terreo amissio creber voluptatibus paens.',1,5,'Architecto constans ultio thermae. Corrigo tabesco vivo desipio sublime. Tego aegrotatio colligo.',1,'2024-01-30 10:30:58.172','2024-01-30 10:30:58.172',70,4),
(71,'necessitatibus vero copiose clarus pecto velit armarium adamo incidunt curvo canto voluptatum tondeo accedo tero villa callide virga',NULL,NULL,'Cedo deprimo animi video dolorem varietas thermae minima commemoro. Asporto cunabula attonbitus speculum patrocinor clamo creo provident vos. Ante textus tollo tempora quas quisquam thymum.',1,4,'Conturbo stillicidium dolor aspernatur strues earum. Surgo votum creber administratio tamquam theca coerceo terminatio. Sui sint tricesimus copia acidus spero arma valeo.',2,'2024-01-30 10:30:58.184','2024-01-30 10:30:58.184',71,2),
(72,'dolore arcus aduro antiquus cuius vester sodalitas conicio circumvenio placeat cribro sophismata umbra vaco adiuvo thymbra sub utor',NULL,NULL,'Sumptus paulatim sonitus velum viscus. Corrumpo quidem virga conturbo peccatus sui decipio terror. Adipisci laboriosam suasoria vaco virgo supra.',1,4,'Censura degero universe vitae assumenda cenaculum apparatus timor vergo condico. Decretum velociter truculenter considero appono pax. Corroboro deprimo mollitia solitudo.',1,'2024-01-30 10:30:58.199','2024-01-30 10:30:58.199',72,2),
(73,'varius virga magnam quidem nesciunt suppellex curis earum cibo beatae appono via absens caterva accendo apostolus vilis esse',NULL,NULL,'Despecto derelinquo tepesco umbra expedita. Super alienus amissio quo omnis tracto canonicus aggero eaque ceno. Consectetur vulpes deleniti vix aliquid socius attonbitus.',1,8,'Peior patria canis timidus apto aufero peior iure aliqua dicta. Caecus tum quis comis. Voluntarius absconditus creo spiculum cotidie articulus.',1,'2024-01-30 10:30:58.213','2024-01-30 10:30:58.213',73,2),
(74,'socius caste tergum amplexus coerceo conscendo acceptus ullus candidus umerus subiungo cum voveo assumenda constans acer cauda spectaculum',NULL,NULL,'Adflicto usus somnus bardus aspicio deporto tui suscipio spectaculum. Volutabrum umbra cribro assumenda derelinquo triumphus. Antea vinitor adulatio caute.',1,9,'Tibi ocer amplexus. Centum decet vinitor suffragium blandior alveus tendo vulpes tabula adinventitias. Conturbo stips error validus suadeo surgo via.',1,'2024-01-30 10:30:58.227','2024-01-30 10:30:58.227',74,4),
(75,'abeo commodi arguo hic conicio addo beatae sursum fuga careo suffoco comparo velut tactus aestivus tergiversatio asper minus',NULL,NULL,'Aedificium totam tam triumphus curis bene. Theologus temeritas praesentium sto cum. Patior absque tristis tempore cohibeo ducimus advenio tactus paens cresco.',1,8,'Adaugeo cunae approbo ipsam thesaurus at repudiandae expedita magnam cruciamentum. Stips sapiente deorsum sapiente appositus cinis depulso. Theologus quis bellum cicuta pariatur.',2,'2024-01-30 10:30:58.240','2024-01-30 10:30:58.240',75,1),
(76,'contra thymum bellicus denuo corrigo thymbra statim ancilla teneo cruciamentum voco crepusculum balbus corrigo uterque nisi ademptio ventus',NULL,NULL,'Tremo paens tamquam tempus vitium amaritudo. Beatae confido valetudo. Volutabrum tardus concido assentator claudeo crur demulceo studio degenero.',1,5,'Adnuo velociter illo ventus articulus ventosus desino aestas. Charisma adipisci subseco alius vapulus. Adicio volva cohaero congregatio.',1,'2024-01-30 10:30:58.252','2024-01-30 10:30:58.252',76,3),
(77,'antiquus cuius tres crustulum vilicus cerno ex summopere tametsi universe agnosco usque utrum caute pectus tantillus illo dedico',NULL,NULL,'Beatae reprehenderit suppellex comedo. Tamdiu vinitor libero appositus tempore cumque adulescens odio dolorum. Rem alioqui nihil crastinus acies minima patior sublime.',1,5,'Porro quod deprecator. Dolorem allatus cibo theologus a utor. Credo terra degero et ustilo fuga.',3,'2024-01-30 10:30:58.262','2024-01-30 10:30:58.262',77,2),
(78,'tabula ustilo alienus tantillus vestigium pecto umbra dolore dolor demo tredecim viduo solutio tabula decimus vir nulla tot',NULL,NULL,'Adulatio defero xiphias adversus aegrotatio demo aspernatur. Atrox crastinus vulnus thermae aestas surgo ocer suggero. Administratio tracto coerceo concedo vito aequitas.',1,3,'Ara aqua colligo perspiciatis fuga careo texo. Dignissimos clementia amplitudo atque. Corona audax velociter attonbitus sufficio suppono ademptio tametsi.',2,'2024-01-30 10:30:58.275','2024-01-30 10:30:58.275',78,4),
(79,'cunctatio attollo numquam patruus sursum autem sum abscido tubineus cubitum tabgo defero neque eligendi cohibeo absque dolores apostolus',NULL,NULL,'Crepusculum pax pariatur ait aro comes alii. Adsidue quidem auctus textilis timidus vir. Vis turbo derideo tripudio tunc solio vulpes conitor.',1,8,'Vomito decerno uredo amplus corona ager summisse suppellex. Mollitia alienus nisi ipsam bos. Aspicio vulgo antiquus bis admoneo qui vinitor.',2,'2024-01-30 10:30:58.285','2024-01-30 10:30:58.285',79,4),
(80,'valde adduco verto clamo deputo antea tamdiu tamisium ventito urbanus baiulus adopto facere vinco carcer cattus dignissimos uter',NULL,NULL,'Verus tantillus tricesimus brevis ter demulceo vulgivagus textor. Amor totus ventus defluo. Totidem suffragium voco bos.',1,4,'Tertius arma socius adnuo chirographum subvenio. Amicitia cuius cito temperantia circumvenio corpus tactus inflammatio tempora temporibus. Brevis tutamen vigor caecus voluptate venustas ver.',3,'2024-01-30 10:30:58.296','2024-01-30 10:30:58.296',80,1),
(81,'ullam triduana sursum decerno tergum sordeo viscus vesica spectaculum vita textor decipio carmen vicissitudo tremo cumque tener accedo',NULL,NULL,'Collum suppono aurum porro clementia tendo tactus tripudio approbo. Attollo ceno statua auctus. Absconditus debeo deripio tenuis aggero.',1,7,'Bis carcer succurro vigilo rerum crustulum aestivus sumptus consectetur. Quibusdam cervus teres. Vir crinis soluta cauda delego.',3,'2024-01-30 10:30:58.309','2024-01-30 10:30:58.309',81,4),
(82,'soleo voluntarius acervus bis defessus dignissimos absorbeo tolero adulatio tondeo advenio contego nemo atqui varietas solvo damnatio deprecator',NULL,NULL,'Tabesco calcar confero eaque sum artificiose cunctatio adiuvo suffoco. Corrigo patruus tam allatus collum terra defetiscor vetus tyrannus. Decumbo cena deinde volva cohaero earum ultio.',1,3,'Tracto adflicto vester averto debeo tempora. Deprecator thorax beatus candidus vero clarus suspendo tamdiu. Numquam tantillus magnam venia articulus explicabo depono stultus vivo.',2,'2024-01-30 10:30:58.321','2024-01-30 10:30:58.321',82,3),
(83,'succurro adiuvo curis alveus tabernus deorsum strues speculum vestigium tonsor alo vorax conforto esse patior thalassinus claro umbra',NULL,NULL,'Bonus quasi comedo tandem. Accedo tot defluo atque territo omnis. Allatus denique sum.',1,2,'Cariosus denuncio usitas autus ubi vulgivagus spiritus thema demonstro cupiditate. Unus cura tumultus. Quo ascit voco valens caecus conservo.',2,'2024-01-30 10:30:58.331','2024-01-30 10:30:58.331',83,2),
(84,'virga degusto officiis caute sursum alter abbas voluptate canto strenuus aufero curvo considero annus communis capillus talus torqueo',NULL,NULL,'Cogito itaque crur assumenda carcer deleniti. Cena conqueror cognomen dedecor. Vitium caries carus animi quia comedo alveus contego apostolus.',1,7,'Considero tantillus apto aedificium qui. Vinco ambulo amoveo vilitas bis molestias delibero comedo. Vinco vorax conculco sumo cupiditas nulla substantia.',1,'2024-01-30 10:30:58.342','2024-01-30 10:30:58.342',84,2),
(85,'demoror patrocinor auctor cubicularis vinitor villa spiritus tutamen usitas arto aedificium sunt nostrum brevis pauper comedo clamo cedo',NULL,NULL,'Voluptatum ulciscor atqui autus arx. Tabernus defluo nihil. Vulpes spoliatio incidunt arcesso stella quaerat velum spero armarium tabernus.',1,5,'Corporis ver caste versus dolores quis. Ciminatio absorbeo taceo subiungo aestus basium appositus. Cubitum dedecor cometes teneo celo tandem.',1,'2024-01-30 10:30:58.352','2024-01-30 10:30:58.352',85,3),
(86,'quisquam comitatus titulus teneo vociferor adsidue pauci uterque volaticus rerum commemoro vomito statua utor spes curso vilicus validus',NULL,NULL,'Cras alo alioqui cimentarius tribuo vestrum demulceo taedium crebro. Tardus vitium creo utpote cumque cupressus tracto advoco. Defleo xiphias charisma conspergo arx aer nam.',1,9,'Caste vulariter cumque officia natus concedo aeternus tempus vergo coaegresco. Vaco defaeco stella acsi inventore adversus comburo damno trepide comptus. Unus aegrotatio absque vobis aestus censura tumultus absorbeo.',3,'2024-01-30 10:30:58.365','2024-01-30 10:30:58.365',86,1),
(87,'aro aggero ambitus volubilis adiuvo ad peccatus textilis usitas trepide speculum conatus textus defero accedo ad fuga barba',NULL,NULL,'Aperio cervus tantillus compono triumphus cubo nihil decretum dolores optio. Adfectus dolores denego acervus suscipit acer. Aptus vomica cunae sumptus curto teres.',1,4,'Sortitus repudiandae addo debilito in. Appositus pauci fugit eos. Audeo tandem vorago tepidus ut subseco.',1,'2024-01-30 10:30:58.377','2024-01-30 10:30:58.377',87,2),
(88,'atqui adamo volubilis solio acerbitas coniuratio argentum fugit aliqua pauper conicio harum excepturi condico terror dolorum thema subito',NULL,NULL,'Benevolentia denuncio carus vis cito utilis spes atrocitas denego viriliter. Condico uxor canto solvo deputo volo ater pax asper viridis. Claustrum verecundia surculus arca tener.',1,4,'Amiculum vicinus aetas. Minima arma caries id strenuus supplanto voveo. Aperte tenuis basium texo certus delectatio demitto depopulo.',2,'2024-01-30 10:30:58.386','2024-01-30 10:30:58.386',88,2),
(89,'et talis quae civis aufero templum summa cervus arcus utrimque vacuus baiulus velociter theatrum arto comminor causa cupiditas',NULL,NULL,'Barba talus defluo arbustum aestas sum corrigo bardus asporto. Tergum tremo surgo sint color tempus arbitro centum videlicet. Atrox varius tabesco corrigo.',1,2,'Ago vester blandior asper copia ulciscor tactus. Colo amplexus comburo. Alioqui thymum tergo adsuesco vallum turpis.',3,'2024-01-30 10:30:58.395','2024-01-30 10:30:58.395',89,3),
(90,'curo ut amet aperte dens timor amet debeo sperno vito libero praesentium quam aetas caute tristis thymbra calamitas',NULL,NULL,'Officiis combibo traho surculus sol. Substantia calco abeo vae basium iusto vetus tricesimus. Apparatus dapifer repellendus sufficio depraedor.',1,9,'Accommodo delectatio sustineo vitiosus comis. Terebro temeritas depromo pecus. Defluo atqui exercitationem curiositas.',2,'2024-01-30 10:30:58.409','2024-01-30 10:30:58.409',90,2),
(91,'adhaero possimus deprimo culpo depopulo provident cultellus denego deduco varietas stips culpa aspicio adduco acsi crux voluptatum aegrus',NULL,NULL,'Ullus curvo at sumo quam theologus thesaurus defungo vomer congregatio. Cauda tamdiu sunt volubilis agnitio video decet sint vulgo. Creptio ambitus benevolentia vitium aspernatur tabgo comptus eius vulticulus.',1,6,'Aro deprimo hic censura turbo infit corrupti tametsi alter. In peccatus maxime viscus laboriosam utor varietas decens esse. Trepide tandem cuius.',2,'2024-01-30 10:30:58.421','2024-01-30 10:30:58.421',91,1),
(92,'defungo vapulus carbo tabernus amissio cohaero caecus solvo curvo venustas depraedor curso concido dedecor spectaculum officia vulgaris crinis',NULL,NULL,'Decumbo dicta adamo. Tametsi sumptus maiores antepono terminatio aperte textor. Bestia vehemens magnam amissio.',1,1,'Soluta vae dolore terror claudeo agnitio adimpleo timor tametsi. Civis pauci cur vinco compono virga illum talus harum. Omnis blanditiis neque.',1,'2024-01-30 10:30:58.434','2024-01-30 10:30:58.434',92,3),
(93,'certe causa tollo solvo celo adinventitias cognatus desino tabgo solutio aedificium cribro sophismata usus thorax ascisco desipio delinquo',NULL,NULL,'Absorbeo pecus territo rem bestia coniecto pecus sonitus tumultus eligendi. Tristis solus aut aequitas defluo subito aetas volva. Turba quaerat decretum.',1,2,'Cubo suggero comptus sequi creptio. Vesco avaritia allatus addo deinde decet audacia verumtamen facere. Officia soluta deinde.',1,'2024-01-30 10:30:58.446','2024-01-30 10:30:58.446',93,2),
(94,'clam abduco congregatio ager celer vulpes venio crebro derelinquo strues video crastinus vomito aranea amita causa tepesco animadverto',NULL,NULL,'Audeo communis synagoga viridis. Tametsi aggero atrox. Tolero consuasor agnitio corroboro conservo absque conspergo thorax coniecto arcesso.',1,6,'Tum caute vivo ascisco ars. Defetiscor suffragium anser caries corrumpo delego. Suffragium vinco vinitor agnosco desolo aufero contabesco.',3,'2024-01-30 10:30:58.457','2024-01-30 10:30:58.457',94,1),
(95,'creta consequatur validus acervus aperte derideo callide ulciscor repudiandae cervus saepe creta agnosco vacuus ulciscor sophismata adhaero curto',NULL,NULL,'Tempus aufero tenus adicio apostolus adversus ipsum casus cauda pectus. Pecto urbs succurro advenio adsidue aequus inflammatio. Abundans textus adflicto aedificium admiratio.',1,5,'Ater cariosus sed tero delectus sui capillus. Tolero delicate compello sursum condico. Nam accedo vesica ambulo cubo arceo curtus texo conspergo compello.',1,'2024-01-30 10:30:58.469','2024-01-30 10:30:58.469',95,4),
(96,'amissio ara rem terreo tredecim auctor possimus curatio amitto vapulus thermae comprehendo eaque vivo color ante arbustum alii',NULL,NULL,'Minus depereo velut. Carbo acerbitas tolero confugo apud conforto tyrannus tego somniculosus. Velum volaticus solvo anser auxilium volva supellex cribro ver.',1,4,'Incidunt doloribus varius approbo suadeo coepi assumenda eligendi decens molestias. Tunc angelus delectus demergo tumultus absens. Thalassinus cresco voluptate colo caecus utilis sequi degusto numquam bestia.',1,'2024-01-30 10:30:58.479','2024-01-30 10:30:58.479',96,4),
(97,'arceo titulus ambulo ex quasi anser amplitudo curo correptius abscido deserunt acerbitas curo impedit tonsor capio apostolus veniam',NULL,NULL,'Arcus casus adaugeo tricesimus. Laudantium commodi aeternus similique demens a considero. Pariatur inventore adficio ultra.',1,9,'Sed curto sono voveo cuius alius suffragium. Cubitum dolore convoco. Stella cruentus desolo verus sunt amo tricesimus stillicidium celo.',2,'2024-01-30 10:30:58.490','2024-01-30 10:30:58.490',97,2),
(98,'arto corporis ver tactus virtus demitto eos solum tempore cotidie corona blandior carpo autem caterva anser arbor compello',NULL,NULL,'Adflicto corrigo decretum cerno cenaculum denego illo apto virga depraedor. Arcesso adimpleo subiungo chirographum nemo. Id cohors ulterius aliquid.',1,3,'A coruscus pectus allatus eius decet acceptus. Cras acervus teres stillicidium cur spiculum tener cervus sursum. Aeneus tum strenuus quisquam demum tenuis comes eligendi.',2,'2024-01-30 10:30:58.502','2024-01-30 10:30:58.502',98,2),
(99,'cribro reiciendis reiciendis pecto depereo corrigo corona clam talis blandior conicio combibo celo bis cauda laboriosam pecco demergo',NULL,NULL,'Canto turba caute conforto. Beatus verbera curiositas deripio libero vulticulus venio rerum. Cimentarius angelus sublime decumbo cinis viduo artificiose.',1,7,'Degero theca cunae toties quam corporis ater. Venustas aperte acerbitas deputo atque totidem ullus capio. Vis cribro corrupti clibanus.',3,'2024-01-30 10:30:58.514','2024-01-30 10:30:58.514',99,3),
(100,'tabernus terga antiquus tempora bellicus victoria tabesco via alii viriliter arcus ab ustulo videlicet admoneo sperno tego reprehenderit',NULL,NULL,'Repellendus vinculum chirographum voluptatibus aetas. Armarium degero creo. Volaticus assumenda incidunt aetas bellum strenuus voluptatum.',1,7,'Sint clibanus libero ex charisma. Advenio annus speciosus tabgo vinum solio vitiosus. Consequuntur quis patria sumo stillicidium arca reiciendis adhaero amplexus.',3,'2024-01-30 10:30:58.533','2024-01-30 10:30:58.533',100,3),
(101,'deleniti vita suadeo depono addo varietas blandior cui deprimo tum decor vulgus comminor bibo pecco arca crapula voco',NULL,NULL,'Addo accommodo crastinus explicabo vinum in. Delicate curtus curriculum adicio. Tergum succedo summopere demulceo depereo dicta.',1,4,'Denuo aggero demulceo tardus porro. Cursus aranea creator vesper tempora quos solitudo. Acies creptio abscido.',3,'2024-01-30 10:30:58.545','2024-01-30 10:30:58.545',101,4),
(102,'clementia summisse crinis communis vado carpo cubo antiquus caelestis defluo convoco cornu vespillo trucido aperte substantia cunae defaeco',NULL,NULL,'Dapifer terga absque adimpleo. Traho aedificium supra debitis adinventitias una blandior utilis. Demum terminatio avaritia communis totidem.',1,8,'Arbor caterva tandem volubilis vae sui beneficium dedecor. Sufficio pax aestivus tres volo. Arcesso enim conicio iure.',3,'2024-01-30 10:30:58.558','2024-01-30 10:30:58.558',102,2),
(103,'stipes curso substantia attonbitus adicio dolorem admoneo bis auxilium sollicito nulla defetiscor sordeo aro denuo vita trado voro',NULL,NULL,'Campana ocer tego aestas cenaculum. Officia voluptatibus antepono vitiosus tamquam cruentus magni aliqua. Carpo triumphus aeger suffragium peccatus adhaero tenax conturbo.',1,9,'Vindico adsidue absque. Non vix crinis currus coadunatio argentum adopto. Cilicium cervus complectus verbum vespillo apostolus.',3,'2024-01-30 10:30:58.570','2024-01-30 10:30:58.570',103,4),
(104,'cum reprehenderit demo articulus ceno cornu copiose velum audentia explicabo aiunt quis molestias adaugeo calculus tondeo sublime amiculum',NULL,NULL,'Ulciscor triumphus absum. Accendo altus tum bene unde adstringo amita. Labore victus conforto calcar expedita.',1,9,'Odit necessitatibus aqua sulum molestiae tribuo maiores. Calamitas ara stella timor. Conspergo natus calamitas cena est quam.',2,'2024-01-30 10:30:58.583','2024-01-30 10:30:58.583',104,3),
(105,'aegre crur tribuo deorsum at sollers tergeo verus nulla corrumpo vigor quam adipiscor tergo succedo recusandae ulciscor ustilo',NULL,NULL,'Casso carbo creo assentator ipsam. Textilis facere color acies conculco capio paens. Ultra sponte aperio quos nihil depulso speciosus thorax accedo coniuratio.',1,5,'Comptus ara timor quaerat ciminatio capto basium viriliter. Aeneus verbum vulgaris tibi. Peior crux magnam adsidue solium vociferor ultio coniuratio carmen.',2,'2024-01-30 10:30:58.594','2024-01-30 10:30:58.594',105,1),
(106,'comminor coaegresco a balbus attero conor stella viridis contigo sol conor appositus vivo denuncio comis porro ulciscor demulceo',NULL,NULL,'Alias at viriliter harum adiuvo claro argentum cultura. Incidunt quis coaegresco demonstro curis deserunt patior curiositas dedecor sollicito. Veritas una villa caveo.',1,5,'Aut quidem vomica a adnuo. Aegrus arma vindico. Videlicet valens comedo bene tersus doloribus vere.',1,'2024-01-30 10:30:58.606','2024-01-30 10:30:58.606',106,3),
(107,'degusto aeternus subnecto decerno accusator molestiae condico stipes amitto cetera adficio campana alo perspiciatis deficio curatio corrumpo utrum',NULL,NULL,'Conduco curatio sonitus constans bis conventus ara somnus eaque. Vomer apostolus sumptus adfero vulgaris voluptatum corrigo ante thema ventosus. Est vae similique ater tres succurro.',1,9,'Copiose dapifer turbo. Credo facere demo laboriosam patria. Quibusdam comptus cernuus stips victoria ventus.',1,'2024-01-30 10:30:58.618','2024-01-30 10:30:58.618',107,1),
(108,'iure concedo articulus supra vigor voluntarius adnuo reprehenderit degusto tolero cubitum acies provident commodo vobis vito sufficio circumvenio',NULL,NULL,'Cariosus adficio angelus venio decimus. Cerno aspernatur candidus tabesco creta ab. Dedico auctor claudeo tui tendo abscido.',1,5,'Vis caterva strues cruciamentum velociter vox. Accendo crepusculum coadunatio. Depono corroboro aegre tersus auxilium audio dolore dolores civis.',3,'2024-01-30 10:30:58.631','2024-01-30 10:30:58.631',108,1),
(109,'cauda soluta cohaero clam temptatio bibo caries benevolentia pectus trucido laboriosam conqueror sunt decretum illum stultus demoror cogito',NULL,NULL,'Derelinquo praesentium adeo defleo constans peccatus comedo. Condico compello tersus tepidus praesentium sapiente conqueror urbs. Amplus talis vinitor catena.',1,4,'Curto adsum super callide id demens cultellus verus trucido. Alveus totus comes solvo adhuc. Venia amaritudo causa adsuesco aliquam coruscus aestivus ea illum cultura.',3,'2024-01-30 10:30:58.653','2024-01-30 10:30:58.653',109,2),
(110,'antea deduco corpus conduco thymbra villa aro cado angelus comburo eius clarus alo pariatur porro summisse necessitatibus tergiversatio',NULL,NULL,'Sodalitas correptius comedo. Sui cursim crastinus cubo nam animadverto aequitas velit vorago. Demitto capillus cervus rem tibi incidunt cupressus anser cognomen aestivus.',1,7,'Conservo audacia synagoga cupio summisse odio subiungo acceptus usque. Ambitus vapulus balbus. Uxor tabesco combibo aegrotatio temperantia sophismata defessus.',1,'2024-01-30 10:30:58.666','2024-01-30 10:30:58.666',110,1),
(111,'caterva solvo terror amo assentator concido clamo clamo cras studio deficio ter laudantium assentator cultellus cibus eos usus',NULL,NULL,'Quia sordeo saepe conturbo molestias ratione acceptus vestigium textus. Depopulo damnatio similique coma vehemens artificiose decet vel. Eos crur cetera ustilo absconditus.',1,7,'Turbo vomito supra bellum. Umquam cetera comitatus cruciamentum vilitas crinis amicitia. Doloribus expedita tabernus.',2,'2024-01-30 10:30:58.678','2024-01-30 10:30:58.678',111,3),
(112,'ascisco complectus tam beatus cuius commodi angulus corona corrigo deludo vicissitudo benevolentia amplus voluptate arbor aureus angustus tunc',NULL,NULL,'Arbor aegrus paens cibo conforto tergum speculum. Cras vetus spargo admoneo. Comprehendo vir utique stillicidium libero decerno auxilium textilis spiculum.',1,8,'Neque adinventitias colligo demulceo basium. Recusandae saepe subseco ocer umquam adversus apostolus. Appello suscipio sit culpo vulgivagus arma.',3,'2024-01-30 10:30:58.689','2024-01-30 10:30:58.689',112,3),
(113,'deserunt summisse tollo thema comparo desidero totam unde cimentarius caries temptatio amissio averto fugiat attero tepidus terreo victus',NULL,NULL,'Vindico tabernus defero. Xiphias vitae atqui venia minus urbanus curvo. Denuo animus adipiscor tibi vicinus armarium utrum dolor turpis.',1,1,'Similique valeo tenetur timidus amor praesentium. Adversus vomica vespillo. Canis cinis patior amplus.',3,'2024-01-30 10:30:58.702','2024-01-30 10:30:58.702',113,1),
(114,'magnam ipsa aggero statim somniculosus commodi autus amita aeger quod delego certus cursus conturbo verus voluptatum venustas timor',NULL,NULL,'Absque dolorem temptatio. Vito arbustum antea. Depono benigne conduco.',1,4,'Totidem tertius valens minima. Crur absque creator aureus confugo turba concido. Est veritas aequitas ceno infit.',3,'2024-01-30 10:30:58.714','2024-01-30 10:30:58.714',114,3),
(115,'aurum nisi in curia ait voluntarius ulterius assentator vulariter truculenter templum ventito dolorum accendo auctor comprehendo arca turba',NULL,NULL,'Tollo suppellex caveo illum atque allatus. Caecus consuasor deprecator universe suggero verus cohors vado alienus totidem. Auctor ascit auditor abutor.',1,2,'Vere territo perspiciatis inventore avarus sublime tabgo. Deserunt acervus vesper tabula tutis possimus. Vinum corpus tondeo capillus dapifer recusandae aurum adficio crebro.',3,'2024-01-30 10:30:58.726','2024-01-30 10:30:58.726',115,4),
(116,'casso acceptus vulgus conatus tergum a avaritia summisse consectetur deserunt texo aut damno cohaero absconditus coerceo cruentus depulso',NULL,NULL,'Vestrum sono patior apto tredecim adimpleo cuius vindico communis acies. Virtus uterque aduro vomica ciminatio thalassinus eos vulnero apparatus. Labore cunabula at amitto minus tondeo adflicto subvenio.',1,5,'Tabula abundans tametsi celebrer clam vito denego voluptates. Defleo sequi maiores aveho terminatio eos error tripudio arx denego. Comminor verbera patior corpus blandior creta.',2,'2024-01-30 10:30:58.738','2024-01-30 10:30:58.738',116,3),
(117,'crastinus spargo degenero derelinquo aqua tutis victus pauci cunctatio conforto ante aveho voluptate cito sto venio dicta velociter',NULL,NULL,'Derelinquo custodia casus. Crur cras altus triduana audax. Super depulso tergo taedium.',1,3,'Adamo commodi sponte ubi bellicus decipio ubi adimpleo colligo summa. Repudiandae amaritudo porro saepe rem derideo aestivus voluptatum suspendo. Ulterius adulatio tempora corrupti adduco addo adaugeo.',1,'2024-01-30 10:30:58.750','2024-01-30 10:30:58.750',117,3),
(118,'concedo appello depopulo bene stultus commemoro tunc subvenio vero audacia antepono textor contigo dolore comparo timidus aliquam cotidie',NULL,NULL,'Barba sonitus attollo sono. Numquam conqueror ocer tricesimus defendo tergo vigor blandior. Sollicito defaeco concido admoveo rem aegre tripudio sufficio excepturi voluptatum.',1,3,'Absens ciminatio votum terreo caelestis curto textus arceo. Autem aliquam candidus. Cruentus asper dolorem argentum administratio iste tantillus voco.',1,'2024-01-30 10:30:58.764','2024-01-30 10:30:58.764',118,1),
(119,'adipisci sophismata cado vinum usus cernuus baiulus tolero summa assumenda conservo audacia tracto alo vacuus tantillus civitas creator',NULL,NULL,'Vinco ambulo aperiam aureus commemoro. Conduco centum supellex adicio stipes tepidus crapula abundans vespillo. Timidus usus vulgus.',1,1,'Vulpes admoveo eveniet culpa nostrum carcer attonbitus blanditiis. Comis templum stillicidium. Tener suffoco abutor est concido adaugeo civitas tollo contra canonicus.',1,'2024-01-30 10:30:58.777','2024-01-30 10:30:58.777',119,2),
(120,'paens voro tantillus creator curis coma comis coma consequatur occaecati vespillo amplitudo vitium sulum admitto contigo alter abundans',NULL,NULL,'Corroboro degenero confido celo. Ultra audax terra volaticus turpis coruscus suppellex alii ciminatio animus. Ullam comminor molestias tui terminatio cavus crudelis terga.',1,8,'Arbor adeo solitudo. Coniecto volva causa ter caelestis congregatio claustrum comes. Viridis comparo unde.',3,'2024-01-30 10:30:58.787','2024-01-30 10:30:58.787',120,1),
(121,'virtus illo denuncio sopor stella vapulus curso tandem ceno tenus adipiscor adnuo animadverto velit amaritudo tero cunabula utor',NULL,NULL,'Angulus tot defessus bos spes barba. Contra ad facilis circumvenio summopere soluta stella. Admoveo ventosus illo.',1,9,'Validus agnitio usus. Aegrus timor teneo derelinquo atrox adulescens absens curvo tepidus. Denique tendo assumenda sursum adamo censura sequi.',1,'2024-01-30 10:30:58.797','2024-01-30 10:30:58.797',121,2);
/*!40000 ALTER TABLE `Solution` ENABLE KEYS */;
UNLOCK TABLES;

--
-- Table structure for table `SolutionImages`
--

DROP TABLE IF EXISTS `SolutionImages`;
/*!40101 SET @saved_cs_client     = @@character_set_client */;
/*!40101 SET character_set_client = utf8 */;
CREATE TABLE `SolutionImages` (
  `id` int(11) NOT NULL AUTO_INCREMENT,
  `imageLink` varchar(191) NOT NULL,
  `solutionId` int(11) NOT NULL,
  `createdAt` datetime(3) DEFAULT current_timestamp(3),
  `updatedAt` datetime(3) DEFAULT NULL,
  PRIMARY KEY (`id`),
  KEY `SolutionImages_solutionId_fkey` (`solutionId`),
  CONSTRAINT `SolutionImages_solutionId_fkey` FOREIGN KEY (`solutionId`) REFERENCES `Solution` (`id`) ON UPDATE CASCADE
) ENGINE=InnoDB DEFAULT CHARSET=utf8mb4 COLLATE=utf8mb4_unicode_ci;
/*!40101 SET character_set_client = @saved_cs_client */;

--
-- Dumping data for table `SolutionImages`
--

LOCK TABLES `SolutionImages` WRITE;
/*!40000 ALTER TABLE `SolutionImages` DISABLE KEYS */;
/*!40000 ALTER TABLE `SolutionImages` ENABLE KEYS */;
UNLOCK TABLES;

--
-- Table structure for table `Status`
--

DROP TABLE IF EXISTS `Status`;
/*!40101 SET @saved_cs_client     = @@character_set_client */;
/*!40101 SET character_set_client = utf8 */;
CREATE TABLE `Status` (
  `id` int(11) NOT NULL AUTO_INCREMENT,
  `name` varchar(191) NOT NULL,
  `createdAt` datetime(3) DEFAULT current_timestamp(3),
  `updatedAt` datetime(3) DEFAULT NULL,
  PRIMARY KEY (`id`)
) ENGINE=InnoDB AUTO_INCREMENT=5 DEFAULT CHARSET=utf8mb4 COLLATE=utf8mb4_unicode_ci;
/*!40101 SET character_set_client = @saved_cs_client */;

--
-- Dumping data for table `Status`
--

LOCK TABLES `Status` WRITE;
/*!40000 ALTER TABLE `Status` DISABLE KEYS */;
INSERT INTO `Status` VALUES
(1,'En attente','2024-01-30 10:30:44.084','2024-01-30 10:30:44.084'),
(2,'Cartographie','2024-01-30 10:30:44.084','2024-01-30 10:30:44.084'),
(3,'Explore','2024-01-30 10:30:44.084','2024-01-30 10:30:44.084'),
(4,'Experimente','2024-01-30 10:30:44.084','2024-01-30 10:30:44.084');
/*!40000 ALTER TABLE `Status` ENABLE KEYS */;
UNLOCK TABLES;

--
-- Table structure for table `Thematic`
--

DROP TABLE IF EXISTS `Thematic`;
/*!40101 SET @saved_cs_client     = @@character_set_client */;
/*!40101 SET character_set_client = utf8 */;
CREATE TABLE `Thematic` (
  `id` int(11) NOT NULL AUTO_INCREMENT,
  `name` text NOT NULL,
  `odds` varchar(191) NOT NULL,
  `createdAt` datetime(3) DEFAULT current_timestamp(3),
  `updatedAt` datetime(3) DEFAULT NULL,
  PRIMARY KEY (`id`)
) ENGINE=InnoDB AUTO_INCREMENT=50 DEFAULT CHARSET=utf8mb4 COLLATE=utf8mb4_unicode_ci;
/*!40101 SET character_set_client = @saved_cs_client */;

--
-- Dumping data for table `Thematic`
--

LOCK TABLES `Thematic` WRITE;
/*!40000 ALTER TABLE `Thematic` DISABLE KEYS */;
INSERT INTO `Thematic` VALUES
(1,'tenuis vorago demergo tum cena abduco claustrum textus vicinus cado conitor tenax doloremque tero ubi derelinquo amoveo usitas cunctatio dedecor','16, 16','2024-01-30 10:30:57.117','2024-01-30 10:30:57.117'),
(2,'collum nemo textus sordeo fuga sponte charisma brevis surculus volup amplexus aggredior eaque pecto conduco quod congregatio degero thesis vociferor','4, 4','2024-01-30 10:30:57.117','2024-01-30 10:30:57.117'),
(3,'voluptates adversus strenuus facere spectaculum tener adfero averto antepono voveo debeo auctus voluptate viridis aureus pecus angulus urbanus vinitor dens','8, 8','2024-01-30 10:30:57.117','2024-01-30 10:30:57.117'),
(4,'accusamus subvenio accusamus peior eveniet theca cavus aetas cubitum aggero cunabula colligo antiquus tremo vorax porro vomito ambulo statua aggredior','6, 10','2024-01-30 10:30:57.117','2024-01-30 10:30:57.117'),
(5,'animi minima texo casso vomito vos aestas taceo decor exercitationem asporto ullus tero ascisco voluptatum cultellus cunabula ullam creo comburo','3, 7','2024-01-30 10:30:57.117','2024-01-30 10:30:57.117'),
(6,'conor vinitor cunctatio perferendis urbs correptius cunae cervus accusator umquam aegrotatio speculum alius decens optio reprehenderit civitas culpa colligo crepusculum','8, 16','2024-01-30 10:30:57.117','2024-01-30 10:30:57.117'),
(7,'nulla quod absconditus succedo adficio pectus solium bis spargo tego totus voluptatibus super civis saepe beatae arx textus inflammatio corona','1, 13','2024-01-30 10:30:57.117','2024-01-30 10:30:57.117'),
(8,'teneo maxime sunt accusantium cibo patria vulnus distinctio voluptatibus sodalitas eligendi valens ipsa cruciamentum odit inflammatio tricesimus comes congregatio alii','7, 9','2024-01-30 10:30:57.117','2024-01-30 10:30:57.117'),
(9,'enim magni caecus accedo conscendo capio autem celo pecto centum surgo usque aliquid ventosus admoveo aegrotatio clam vulpes ascisco conculco','7, 17','2024-01-30 10:30:57.117','2024-01-30 10:30:57.117'),
(10,'argumentum circumvenio coniecto statua amoveo porro ab animadverto carpo paens adeptio cum deleo tristis viscus verecundia demulceo delinquo adulescens ara','17, 13','2024-01-30 10:30:57.204','2024-01-30 10:30:57.204'),
(11,'crinis taedium vere contigo demitto nulla in comprehendo calculus aveho ademptio advoco tam vulgo vomer cauda voco sordeo aperte xiphias','10, 9','2024-01-30 10:30:57.204','2024-01-30 10:30:57.204'),
(12,'usitas error dedico combibo ducimus calculus tibi degero tamisium cauda cunctatio curtus caste tergeo ocer tollo cupio cohaero totus capto','3, 2','2024-01-30 10:30:57.204','2024-01-30 10:30:57.204'),
(13,'atrox sperno communis collum tardus tantillus vehemens venia currus cubicularis error suadeo talio expedita color sint terminatio tenax vivo utrum','2, 11','2024-01-30 10:30:57.204','2024-01-30 10:30:57.204'),
(14,'strenuus adfectus certus distinctio adinventitias aeger tutis stips virgo arx abduco bellum deficio pecco vulnus velociter vitium ipsum confido tenax','13, 11','2024-01-30 10:30:57.204','2024-01-30 10:30:57.204'),
(15,'sperno blandior cum denique ubi vir confido vita curiositas optio deduco cavus celebrer degusto uxor cena decipio tempus aurum color','12, 4','2024-01-30 10:30:57.204','2024-01-30 10:30:57.204'),
(16,'arcesso pauci cariosus tempore appositus bellum videlicet compello adulatio audacia vergo carcer beatus teneo dolor coniecto quidem adeptio crur tumultus','1, 12','2024-01-30 10:30:57.204','2024-01-30 10:30:57.204'),
(17,'itaque tribuo adhuc ceno adaugeo tui cibo verus accedo crinis delibero ventus umquam asper adsidue canonicus aestas celer apostolus aer','16, 12','2024-01-30 10:30:57.204','2024-01-30 10:30:57.204'),
(18,'verecundia supra capillus voluptate ex vigilo suus deputo victus volaticus crustulum vulpes terebro quia copia harum thymbra ambulo itaque ater','14, 17','2024-01-30 10:30:57.258','2024-01-30 10:30:57.258'),
(19,'synagoga ad artificiose virtus suus vestigium deprecator utroque succurro contego aeternus aperio quidem atque ullam desparatus creber inflammatio alienus substantia','3, 3','2024-01-30 10:30:57.258','2024-01-30 10:30:57.258'),
(20,'vulgaris crebro barba possimus dolorem angulus necessitatibus somnus temperantia doloremque spoliatio patria commodo sortitus solio nisi adversus altus commodo angustus','13, 10','2024-01-30 10:30:57.258','2024-01-30 10:30:57.258'),
(21,'vinum voluptas cura ager solium curto sodalitas complectus eum adduco supellex architecto alioqui uredo minima vindico catena arma cattus adversus','10, 4','2024-01-30 10:30:57.258','2024-01-30 10:30:57.258'),
(22,'balbus cura totidem deinde nesciunt adhaero sponte clibanus paulatim dolorem uredo doloribus voluntarius ulciscor audeo umerus synagoga coadunatio ara crapula','13, 15','2024-01-30 10:30:57.258','2024-01-30 10:30:57.258'),
(23,'ademptio tabgo cultellus caelestis iste laudantium aliqua abscido sed ulterius paens pecco careo pecco undique adflicto cunae ter comminor infit','5, 11','2024-01-30 10:30:57.258','2024-01-30 10:30:57.258'),
(24,'charisma magnam pax reprehenderit voluptates crudelis aduro vinculum autus uredo sufficio minima ater aduro cibo corporis asper bibo varietas nostrum','9, 9','2024-01-30 10:30:57.258','2024-01-30 10:30:57.258'),
(25,'vorax annus labore admoneo denuo victus magnam tonsor ciminatio sursum sumo aestus vereor stips depono defluo pecco iure vicinus victoria','1, 14','2024-01-30 10:30:57.258','2024-01-30 10:30:57.258'),
(26,'tui cuius conitor advenio patior amo culpo distinctio congregatio audax dapifer est conitor cui pauper aegrus terreo cattus adficio expedita','11, 17','2024-01-30 10:30:57.258','2024-01-30 10:30:57.258'),
(27,'abbas laborum odio umerus carbo vindico vetus carcer voluptatibus inventore utor agnitio sublime aggero suggero aduro thorax vulticulus tamen ubi','9, 4','2024-01-30 10:30:57.298','2024-01-30 10:30:57.298'),
(28,'talus apud textus caritas aperiam decens sono quia tredecim suspendo curto tenetur rerum cultura possimus traho substantia sperno suppono eius','7, 12','2024-01-30 10:30:57.298','2024-01-30 10:30:57.298'),
(29,'capillus reiciendis terebro pariatur tricesimus ulciscor validus supra vado accusamus inventore cui valens copia animi solum tamquam vicissitudo tam solutio','5, 13','2024-01-30 10:30:57.298','2024-01-30 10:30:57.298'),
(30,'admoveo versus demonstro caute catena pecto creber sublime defleo balbus sto creptio aegrus natus communis absorbeo video vindico calco ambulo','9, 7','2024-01-30 10:30:57.298','2024-01-30 10:30:57.298'),
(31,'umerus casus abbas sodalitas comprehendo deduco thesis tempore ater commodi tempus cras sit vicissitudo sed vallum statua tamisium aegrus circumvenio','9, 14','2024-01-30 10:30:57.298','2024-01-30 10:30:57.298'),
(32,'carus allatus accedo aspernatur addo decet calculus uter adulatio pauci alias a utpote cohors cometes capitulus nulla labore videlicet ultio','7, 14','2024-01-30 10:30:57.298','2024-01-30 10:30:57.298'),
(33,'consequuntur sequi cupressus vix allatus verto cupio vorago sopor vinco supra tamdiu maxime illum deripio officia sodalitas comedo sint tergum','14, 12','2024-01-30 10:30:57.298','2024-01-30 10:30:57.298'),
(34,'virgo conscendo temeritas creptio coerceo viscus trepide sequi creber itaque tenax casus velociter vox ubi vergo cultellus vesica utrimque taedium','7, 2','2024-01-30 10:30:57.298','2024-01-30 10:30:57.298'),
(35,'terra quod sumptus bonus deleo tutamen totidem ipsa similique tracto cupio curis blanditiis sursum aiunt aequus ad villa comprehendo collum','17, 13','2024-01-30 10:30:57.298','2024-01-30 10:30:57.298'),
(36,'defetiscor arceo conitor ratione doloremque tutis utilis arbitro aperiam aliqua conculco temptatio utor ascit apud voro aiunt damnatio aspernatur comburo','4, 5','2024-01-30 10:30:57.344','2024-01-30 10:30:57.344'),
(37,'sono voluptas abstergo officia nobis surgo degenero cum arguo saepe ait crinis bene defaeco verto arguo quia undique arbustum voluptatibus','4, 11','2024-01-30 10:30:57.344','2024-01-30 10:30:57.344'),
(38,'adhuc depopulo artificiose solium patior thorax sit thymbra tunc volaticus stillicidium at quam timidus qui cattus utrimque centum caecus accedo','13, 6','2024-01-30 10:30:57.344','2024-01-30 10:30:57.344'),
(39,'suffoco odio tyrannus tenax veniam aptus strues copiose tempus ceno aperio socius ultra acidus vinculum coadunatio sordeo terminatio sint saepe','6, 13','2024-01-30 10:30:57.344','2024-01-30 10:30:57.344'),
(40,'textilis earum apostolus possimus caute curatio timidus tubineus vinum calcar studio unde substantia ars curriculum barba contigo magni stipes vitium','8, 7','2024-01-30 10:30:57.344','2024-01-30 10:30:57.344'),
(41,'vulgus ut solio demoror caelestis depereo amoveo aliqua ago ocer demulceo aestas vicinus turbo admitto utroque bis currus altus clamo','5, 9','2024-01-30 10:30:57.344','2024-01-30 10:30:57.344'),
(42,'cedo adfectus convoco debitis anser vir callide terra templum supplanto calcar crastinus delinquo crur amiculum cetera vinum attollo suspendo censura','3, 2','2024-01-30 10:30:57.344','2024-01-30 10:30:57.344'),
(43,'peccatus tamisium curia volva bellicus adstringo desolo virtus illum strues advenio eum infit velum dolorum cursim beneficium cohaero doloremque brevis','9, 1','2024-01-30 10:30:57.376','2024-01-30 10:30:57.376'),
(44,'adiuvo tempus corrigo victoria architecto cresco absorbeo acervus averto uxor quos vorago tabernus apud succedo tumultus conturbo tandem statua veritas','6, 9','2024-01-30 10:30:57.376','2024-01-30 10:30:57.376'),
(45,'sopor cervus derideo aestivus umquam campana corrupti umbra vos natus atqui acquiro tabula tricesimus distinctio uberrime accedo derelinquo comes alo','4, 11','2024-01-30 10:30:57.376','2024-01-30 10:30:57.376'),
(46,'ara tenax surgo sto adinventitias sustineo alioqui usque cum vir tabgo atque concido ocer uter coniecto amplexus talis clarus surgo','8, 11','2024-01-30 10:30:57.376','2024-01-30 10:30:57.376'),
(47,'beatae vix causa cernuus usque verbum tyrannus rerum dolorum tantum clarus crustulum confero usus curiositas caelestis adaugeo tam ager vesica','13, 6','2024-01-30 10:30:57.376','2024-01-30 10:30:57.376'),
(48,'assumenda curiositas conqueror tabella adnuo thymum demo unde tantum illum sonitus condico arca chirographum decor stipes enim coniuratio utilis tabesco','14, 14','2024-01-30 10:30:57.376','2024-01-30 10:30:57.376'),
(49,'bos cibus curis argumentum aetas harum voluptatibus varius censura delego ait volutabrum conventus conventus auxilium clamo velociter arbitro defaeco conqueror','5, 13','2024-01-30 10:30:57.376','2024-01-30 10:30:57.376');
/*!40000 ALTER TABLE `Thematic` ENABLE KEYS */;
UNLOCK TABLES;

--
-- Table structure for table `User`
--

DROP TABLE IF EXISTS `User`;
/*!40101 SET @saved_cs_client     = @@character_set_client */;
/*!40101 SET character_set_client = utf8 */;
CREATE TABLE `User` (
  `id` int(11) NOT NULL AUTO_INCREMENT,
  `email` varchar(191) NOT NULL,
  `name` varchar(191) NOT NULL,
  `password` varchar(191) DEFAULT NULL,
  `phoneNumber` varchar(191) DEFAULT NULL,
  `address` varchar(191) DEFAULT NULL,
  `token` varchar(191) DEFAULT NULL,
  `profile` varchar(191) DEFAULT NULL,
  `createdAt` datetime(3) DEFAULT current_timestamp(3),
  `updatedAt` datetime(3) DEFAULT NULL,
  `googleImage` varchar(191) DEFAULT NULL,
  `poleId` int(11) DEFAULT NULL,
  PRIMARY KEY (`id`),
  UNIQUE KEY `User_email_key` (`email`),
  KEY `User_poleId_fkey` (`poleId`),
  CONSTRAINT `User_poleId_fkey` FOREIGN KEY (`poleId`) REFERENCES `Pole` (`id`) ON DELETE SET NULL ON UPDATE CASCADE
) ENGINE=InnoDB AUTO_INCREMENT=124 DEFAULT CHARSET=utf8mb4 COLLATE=utf8mb4_unicode_ci;
/*!40101 SET character_set_client = @saved_cs_client */;

--
-- Dumping data for table `User`
--

LOCK TABLES `User` WRITE;
/*!40000 ALTER TABLE `User` DISABLE KEYS */;
INSERT INTO `User` VALUES
(1,'musanziwilfried@gmail.com','Wilfried Musanzi','$2b$10$xaEz2Y5wt1b9CS4vUnF5p.inHFkzlo.oiJYKhcCg43U/VsbbROJhK','+243999999999','3892 Chaya Drive',NULL,NULL,'2024-01-30 10:30:44.190','2024-01-30 10:30:44.190',NULL,NULL),
(2,'moseskal@gmail.com','Moses Kal','$2b$10$b7BsMuu42dX2lR6Hfjvnx.isyUv66fb686BfKry09VrS2bvTrsI4i','+243999999999','20900 Hawthorn Close',NULL,NULL,'2024-01-30 10:30:44.292','2024-01-30 10:30:44.292',NULL,NULL),
(3,'Thomas95@gmail.com','Misty Ebert','$2b$10$Rmbg23.vFgOULZ8RGG1jUuQmyAhRQUPmU45I3kS96fmn5Bv9NbaRq','686.930.0733 x9361','59451 Alysa Mews',NULL,NULL,'2024-01-30 10:30:44.433','2024-01-30 10:30:44.433',NULL,NULL),
(4,'Aditya96@gmail.com','Floyd Bruen PhD','$2b$10$3F94M0XAanjcgkXrmvftGOqowsSyhu4woS40TfjNWSgQZSXEmuoUS','689-989-9082 x94870','137 Yost Ports',NULL,NULL,'2024-01-30 10:30:44.585','2024-01-30 10:30:44.585',NULL,NULL),
(5,'Katelin_Stiedemann-Anderson@gmail.com','Richard Windler','$2b$10$g.rYeycksJKh7rt/7i7HcuGfBpqgseLjHwZYFJnXobSKaDMT7Cwli','924-860-5180 x55740','9034 Elissa Ways',NULL,NULL,'2024-01-30 10:30:44.686','2024-01-30 10:30:44.686',NULL,NULL),
(6,'Oma_Roob@gmail.com','Mrs. Shelia Shields','$2b$10$X8nIbmC9wZOaqa9qqJLG6uXy8SmB84WFXNAvSVolr9enldBfRpY2G','876.863.9670 x1131','81665 Grange Close',NULL,NULL,'2024-01-30 10:30:44.812','2024-01-30 10:30:44.812',NULL,NULL),
(7,'Nigel36@yahoo.com','Erma Schulist','$2b$10$DOQlAmsybNe7YA9wNEVeX.PbXMO/GS/81ix8dj9IO93z73RZPCQq6','1-978-966-2897 x501','512 Veterans Memorial Highway',NULL,NULL,'2024-01-30 10:30:44.917','2024-01-30 10:30:44.917',NULL,NULL),
(8,'Buster1@hotmail.com','Eloise Treutel','$2b$10$2twCmuZLscZQH5yiVIRaHuvATv3AP6UFBoGZxHIy2X8HSjD7QxGgy','864-203-9636 x730','543 Considine Prairie',NULL,NULL,'2024-01-30 10:30:45.014','2024-01-30 10:30:45.014',NULL,NULL),
(9,'Marlen.Balistreri@hotmail.com','Fredrick Jerde','$2b$10$vUQMDPNKTseYxtqblAy6muqbS6/BS7/11jMaiLRjgIgUhlUDMgw0W','1-588-557-2167','821 Lorine Drive',NULL,NULL,'2024-01-30 10:30:45.120','2024-01-30 10:30:45.120',NULL,NULL),
(10,'Sherwood.Stoltenberg83@gmail.com','Claire Heaney','$2b$10$ydjEMHvDw/SyYOLnPLtGDOdIPxBQTCL.qpiC/2XyAL8kzUwB8O29q','528-696-3049 x17364','29197 Ortiz Course',NULL,NULL,'2024-01-30 10:30:45.247','2024-01-30 10:30:45.247',NULL,NULL),
(11,'Elyssa1@yahoo.com','Max Greenfelder','$2b$10$QhV6zHh6SvGC5ujQ74T3Ve9oe3cyP/UotDR3Fg3spMmRF.oakxL76','1-693-389-4582 x874','277 Volkman Neck',NULL,NULL,'2024-01-30 10:30:45.357','2024-01-30 10:30:45.357',NULL,NULL),
(12,'Dahlia99@gmail.com','Eleanor Murray','$2b$10$x6uguwaaoEp8guO3uGZqk.1XxRpsD9ylVpQ3lDcvC7BU/aYCtafhu','1-542-800-5650 x26650','25910 Koss Village',NULL,NULL,'2024-01-30 10:30:45.454','2024-01-30 10:30:45.454',NULL,NULL),
(13,'Sven60@hotmail.com','Donald Raynor','$2b$10$0O8yCteQ7NiXPsmK5PDKt.E7NFRAgpeXK29bPBWu.bylYzaPsol2u','498.463.6741','23027 Rohan Cove',NULL,NULL,'2024-01-30 10:30:45.555','2024-01-30 10:30:45.555',NULL,NULL),
(14,'Michaela82@yahoo.com','Courtney Mueller','$2b$10$A76vwE8w1eLCqmliG6tA0ucM4p.9B6mTHcZCIzbLWk2kKKqSyNr0K','(284) 544-4954 x8573','474 Maggio Mount',NULL,NULL,'2024-01-30 10:30:45.666','2024-01-30 10:30:45.666',NULL,NULL),
(15,'Dolores_Conroy@gmail.com','Rosie Kuvalis','$2b$10$cqg51jqlyBOBukTnRrpzbexPoMfoU4SZsZiEUN8UexAwJ75oy2UH2','1-592-736-6234 x1532','61182 Torp Fork',NULL,NULL,'2024-01-30 10:30:45.763','2024-01-30 10:30:45.763',NULL,NULL),
(16,'Tony.Jacobi1@hotmail.com','Nick Runte','$2b$10$lJkYtQNFq/LVDrObo7vTmOpBFDr1rcw4d4S5RBfw/TzGbO2LRo3gO','(619) 497-8771 x236','593 Jones Stravenue',NULL,NULL,'2024-01-30 10:30:45.861','2024-01-30 10:30:45.861',NULL,NULL),
(17,'Lavon.Kulas62@gmail.com','Dr. Constance Bernier','$2b$10$5TmoLqCZ34wy84z47cvaPezSuABwO7X3f45yC4EJyMvH/NFo4XgNu','(472) 754-4372 x1541','526 Nightingale Close',NULL,NULL,'2024-01-30 10:30:45.983','2024-01-30 10:30:45.983',NULL,NULL),
(18,'Gwen.Wisoky@hotmail.com','Pamela Kovacek PhD','$2b$10$3O/copBUzJe4meChWx34r.UR8XAZe7SQcivcrUoclzLsRa8ey3qVC','381-715-1025','822 Jaskolski Manor',NULL,NULL,'2024-01-30 10:30:46.082','2024-01-30 10:30:46.082',NULL,NULL),
(19,'Barrett_Anderson@yahoo.com','Annie McCullough','$2b$10$OsUXE.szB9pBmRi5q0/A5e2BGn69Uqea0eOLe29heuhXy9HOEKMWy','(565) 728-7459 x1102','8495 Wood Lane',NULL,NULL,'2024-01-30 10:30:46.177','2024-01-30 10:30:46.177',NULL,NULL),
(20,'Arnaldo_Waelchi@hotmail.com','Betsy Collins','$2b$10$BTUe8dZWXKCqAP2HnVtml.00AHMzKKG0DQTEv1GMFDpBjN4QRmJFG','681.637.4149 x75867','755 Park Lane',NULL,NULL,'2024-01-30 10:30:46.275','2024-01-30 10:30:46.275',NULL,NULL),
(21,'Laron_Johns@hotmail.com','Mr. Tomas Lubowitz','$2b$10$OPv3Vz2kcMpRyQzvQsxlTeO1sk9w3vYT7svjzgt.T0Vmec4/yisdW','891-498-5911 x543','395 Willow Street',NULL,NULL,'2024-01-30 10:30:46.375','2024-01-30 10:30:46.375',NULL,NULL),
(22,'Tatum.Bashirian@hotmail.com','Sonia Gleichner','$2b$10$fCQNtHXmL.sAQU1gt2ROdO7g1tn0EQUzbNbcpyHXwqLXB4m.GX95K','593-781-5565','32496 N Market Street',NULL,NULL,'2024-01-30 10:30:46.480','2024-01-30 10:30:46.480',NULL,NULL),
(23,'Agustina.Kuhn54@gmail.com','Melody Mills Sr.','$2b$10$TicK6bJFjahxDQmswWGfY.K67UtEqAZdXOQm/0VyHTIS3snkDZH5u','286-656-7665','15210 Wood Street',NULL,NULL,'2024-01-30 10:30:46.585','2024-01-30 10:30:46.585',NULL,NULL),
(24,'Althea65@hotmail.com','Mr. Chris Grimes','$2b$10$wkjSyQ5QuJ/szDEV1RiZKeD3zEg8tR/eYRMk3ILUD18NoBO5Zx9LK','309-432-4894 x86424','225 E Water Street',NULL,NULL,'2024-01-30 10:30:46.693','2024-01-30 10:30:46.693',NULL,NULL),
(25,'Isabelle.Aufderhar43@yahoo.com','Grace Kessler','$2b$10$RERGVux2TPxM8EskBjibHOaUxpbxEKHma6tGH41wJZ29DV64Jxee6','635-289-1758 x8919','664 Juanita Courts',NULL,NULL,'2024-01-30 10:30:46.790','2024-01-30 10:30:46.790',NULL,NULL),
(26,'Dominique_Barton@hotmail.com','Heidi Langworth','$2b$10$2KYiu86X.wYwjz1G6qMVguFgzkCcG0Pifimq7j/96jgxoYg8TwtrS','1-601-443-8434 x0188','35476 Main Street E',NULL,NULL,'2024-01-30 10:30:46.888','2024-01-30 10:30:46.888',NULL,NULL),
(27,'Aimee.Bernier@hotmail.com','Julio Weimann','$2b$10$kxXQ9PwdppeBDTmeH5kkDOi69IUTMyBecjh.VmSq6iltn.ZHvXkwO','503.908.1148 x1204','606 Albany Road',NULL,NULL,'2024-01-30 10:30:47.004','2024-01-30 10:30:47.004',NULL,NULL),
(28,'Stan29@hotmail.com','Shane Lubowitz','$2b$10$2uopxQfs2CXmzhM21K18BOlavNashnaxoPRHwt7KgTEoN2K3miEQe','982-215-8477','2202 New Road',NULL,NULL,'2024-01-30 10:30:47.112','2024-01-30 10:30:47.112',NULL,NULL),
(29,'Maurice.Abshire40@gmail.com','Matthew Connelly DVM','$2b$10$QGXXLKoa0O2zGigKTbY3QOxQTInbj3MLhD4i1lVJAKqrVMSHRB0uO','1-446-689-9870 x407','189 Rutherford Orchard',NULL,NULL,'2024-01-30 10:30:47.209','2024-01-30 10:30:47.209',NULL,NULL),
(30,'Vida75@yahoo.com','Katrina Hyatt','$2b$10$MhmGi.E.hn6jv4hlLK9RcObX1qn.fedryxwtBPMYf58ti1ItaPjju','744-279-8541','3342 Maurine Bypass',NULL,NULL,'2024-01-30 10:30:47.303','2024-01-30 10:30:47.303',NULL,NULL),
(31,'Watson72@gmail.com','Dean Wehner','$2b$10$p5cSVDbGi9stm841je2PEunFheeNa2hsvCeQaTD8iKIrg7yQR00Pa','(233) 238-3864 x36810','727 Batz Fort',NULL,NULL,'2024-01-30 10:30:47.398','2024-01-30 10:30:47.398',NULL,NULL),
(32,'Hulda.Quitzon49@hotmail.com','Genevieve Leuschke','$2b$10$C4ycG1ivUbU5sBzlKqsyMO7eatzBc2K41Jvp8Z0TuM9jaDFlnyFWO','(804) 839-9791 x948','2480 Emmerich Ramp',NULL,NULL,'2024-01-30 10:30:47.500','2024-01-30 10:30:47.500',NULL,NULL),
(33,'Josh_Bogan@gmail.com','Wendy Beatty','$2b$10$ku7NijjQ7qunsZYaJZxURu2wxnp5fBYJaq8.rR0XSeI..4yYOteQC','805.743.9921','808 Kyleigh Walks',NULL,NULL,'2024-01-30 10:30:47.609','2024-01-30 10:30:47.609',NULL,NULL),
(34,'Nelle_Schowalter19@gmail.com','Jana Lesch','$2b$10$2oqRdAvpi5gyP/IE86NxqeqLsr1u7i1f6yl2PTATpFx/A2nprA6H2','(273) 297-7827 x223','913 Heathcote Lights',NULL,NULL,'2024-01-30 10:30:47.711','2024-01-30 10:30:47.711',NULL,NULL),
(35,'Shanel_Lowe21@gmail.com','Theodore Larkin','$2b$10$6LfZYmwUX9BC1wJosOe/mO6sEzx3VgydJ0o/ElVtnGpOsy4jwme76','(717) 509-3966 x8867','65946 Schmeler Plain',NULL,NULL,'2024-01-30 10:30:47.807','2024-01-30 10:30:47.807',NULL,NULL),
(36,'Travis.Kovacek@yahoo.com','Bill Gerlach','$2b$10$wkxiEfV4dzbOxLGVW3s0POyC7MPz73gBYaE8NGx0i/GzLg12gfJMO','406.525.1681 x30759','683 Marcelina Land',NULL,NULL,'2024-01-30 10:30:47.905','2024-01-30 10:30:47.905',NULL,NULL),
(37,'Eliane98@hotmail.com','Holly Schroeder','$2b$10$r.AP2KokHTVTH2CrtXKncuheof1.kE5nqozH5dGvAR9JfhEW9nkum','1-816-868-4605','77426 Frontage Road',NULL,NULL,'2024-01-30 10:30:48.021','2024-01-30 10:30:48.021',NULL,NULL),
(38,'Bernice41@hotmail.com','Traci Douglas','$2b$10$QvsTRY/iftvPMLk/R2oG/uB5Rc2ttogk5kPk8RqBpb4crm1hzI9E2','261-268-4166 x6660','5097 Riverside Avenue',NULL,NULL,'2024-01-30 10:30:48.137','2024-01-30 10:30:48.137',NULL,NULL),
(39,'Joel_OKon@gmail.com','Bernice Windler','$2b$10$KFZjxXRi0zmsWZLGa7c17ekYnwNQf1L//LUKUVG53LpCspeIUKpYi','(618) 782-6059 x751','94906 Bridge Street',NULL,NULL,'2024-01-30 10:30:48.253','2024-01-30 10:30:48.253',NULL,NULL),
(40,'Camron.Murray@hotmail.com','Shawn Barrows','$2b$10$EDU1R/bQA30orjxRJXK5RuFFWolzZcORNTLCcEGz8O6G4NT4YTAdy','520-350-2869 x366','316 College Avenue',NULL,NULL,'2024-01-30 10:30:48.353','2024-01-30 10:30:48.353',NULL,NULL),
(41,'Marta7@hotmail.com','Ernest Hagenes','$2b$10$1wLlQCSyHqaIRL78brbY3OuCV1qSAa8roIfyxg2/Rjmw/gz1E5tFW','1-366-344-3051 x1484','24127 E Pine Street',NULL,NULL,'2024-01-30 10:30:48.471','2024-01-30 10:30:48.471',NULL,NULL),
(42,'Myrtie_Padberg51@yahoo.com','Elvira Flatley','$2b$10$B.PyUxZ4u5KrBZWosnrrmueSv0VjDnlcP2g9aqdkrcKb5R0zI3ht.','503.281.9368','9062 Wellington Road',NULL,NULL,'2024-01-30 10:30:48.570','2024-01-30 10:30:48.570',NULL,NULL),
(43,'Peter.Mueller-Morar51@gmail.com','Tonya Kuvalis','$2b$10$SSRAO5/EC3DBWS9kJcjcJOBIVl2/5ERpXL3VQ.S/z4OFKYOOwAP5y','274.996.9800 x0981','85894 Rosa Mission',NULL,NULL,'2024-01-30 10:30:48.666','2024-01-30 10:30:48.666',NULL,NULL),
(44,'Max_Spinka@yahoo.com','Vicki Berge','$2b$10$6bNGtc051IgDLidyMlUnle/HRxfgTERokfNy95jdHX/kok3B9czsm','1-217-597-5848 x661','1658 South Street',NULL,NULL,'2024-01-30 10:30:48.786','2024-01-30 10:30:48.786',NULL,NULL),
(45,'Raphael.Shields72@hotmail.com','Heidi Balistreri','$2b$10$RQEBKL99HaWMdtCfPAdTj.nbuFWTIvdzf85hwcYDvpxxy7/sUBQMy','1-389-464-7701','156 Court Street',NULL,NULL,'2024-01-30 10:30:48.907','2024-01-30 10:30:48.907',NULL,NULL),
(46,'Mariah_Graham33@hotmail.com','Stephanie Walter','$2b$10$WHlT/19Uu2YzLdGFeb424eQrwA12dEt9qtjM5A99aM7A3VC1a7PKa','(342) 829-1381','38086 Edward Street',NULL,NULL,'2024-01-30 10:30:49.011','2024-01-30 10:30:49.011',NULL,NULL),
(47,'Gabriella_Considine@yahoo.com','Dr. Carl Tremblay','$2b$10$mVEsuFmqSPAmaC/FYEu0Ruo8bnV35woyfGSKcyF7Qzvw8e7n1Q4g2','(798) 703-2718 x741','40436 Kira Route',NULL,NULL,'2024-01-30 10:30:49.115','2024-01-30 10:30:49.115',NULL,NULL),
(48,'Karine.Pfannerstill54@gmail.com','Mike Hintz','$2b$10$P2Xg/NXbjiMybcn/qnCz0uklEDhXTc5rqFzSnXCX5c.0aEYYTz7l6','(756) 211-9158 x41985','61499 Woodlands Avenue',NULL,NULL,'2024-01-30 10:30:49.234','2024-01-30 10:30:49.234',NULL,NULL),
(49,'Zakary_Abbott97@hotmail.com','Cecil Murphy II','$2b$10$Qrne9tTiaq.7zcRRZT5N1OL6FLt/Wf0NZkuNcgGg7uYKARJTspdtm','1-467-504-0584','557 Devonte Bypass',NULL,NULL,'2024-01-30 10:30:49.335','2024-01-30 10:30:49.335',NULL,NULL),
(50,'Darien_Tremblay@hotmail.com','Drew Feil DVM','$2b$10$UjsZsdRz37nFQvuayc02Iub1WSip7qUJq4B2x1aO4QBRlp4XgbpLG','759.253.3736 x991','4004 Mercedes Creek',NULL,NULL,'2024-01-30 10:30:49.431','2024-01-30 10:30:49.431',NULL,NULL),
(51,'Adelbert.Rowe61@hotmail.com','Donnie Kozey','$2b$10$PLFJKiV2tHLnM43XHReKOOgMPB8pBv1eQeatJsqIbsKu71hVMOZ0y','(348) 407-6344 x3249','4290 Ritchie Ford',NULL,NULL,'2024-01-30 10:30:49.528','2024-01-30 10:30:49.528',NULL,NULL),
(52,'Lois.Upton@gmail.com','Joanna Wolf','$2b$10$lxHkXm90NUAj8X7F3l9P5uxJy3NF0CZciYTa/tE8jsFpvQqdaZe1a','1-771-364-5666 x0991','7207 W Union Street',NULL,NULL,'2024-01-30 10:30:49.640','2024-01-30 10:30:49.640',NULL,NULL),
(53,'Aniyah4@yahoo.com','Lila Ziemann','$2b$10$B5zWckcB8zQGTTTnkAj.zu2TUv//6vMWsU8XDLVD8mepLKgtAVfY2','(368) 286-0076','1206 Rowan Branch',NULL,NULL,'2024-01-30 10:30:49.745','2024-01-30 10:30:49.745',NULL,NULL),
(54,'Edna25@gmail.com','Bridget Mayert','$2b$10$aEwAsOpVe3VCQIv3BkJF0uoN4VWba/a6mF7Inmfd5M1V3jjynul/u','1-838-751-6566 x49626','29587 Wolf Freeway',NULL,NULL,'2024-01-30 10:30:49.843','2024-01-30 10:30:49.843',NULL,NULL),
(55,'Ruthe.Fahey@hotmail.com','Rita Feil','$2b$10$uev7CXxmCZs1yuhJRnqyMeJPrlwV1NA8IepwsUaQgm1YhYCJAf7QO','638.678.4381 x5244','784 Lemuel Islands',NULL,NULL,'2024-01-30 10:30:49.941','2024-01-30 10:30:49.941',NULL,NULL),
(56,'Brown25@gmail.com','Jason Abernathy','$2b$10$iGxlA0r9f/fvdxY1gUM3p.4JJUFhXl8jBxxI1uGtUvJJvXEGWNOXy','700.938.2506','230 Hilll Views',NULL,NULL,'2024-01-30 10:30:50.040','2024-01-30 10:30:50.040',NULL,NULL),
(57,'Bettye_Towne55@yahoo.com','Shirley McCullough DVM','$2b$10$X8rjBsjZ2V9GedLV9JM4AOkccMgp9iB1G2Ek5/V0nsv1h9XV9FuZa','(237) 959-9512 x794','5891 The Green',NULL,NULL,'2024-01-30 10:30:50.136','2024-01-30 10:30:50.136',NULL,NULL),
(58,'Destinee.Trantow5@yahoo.com','Dr. Gabriel Fritsch','$2b$10$eMe.Qp2/hgLnlwyff85sCu7iv9Efo0p1tCytu73zSR6Ulkta3QrCW','436.472.4114','3100 Kellie Light',NULL,NULL,'2024-01-30 10:30:50.233','2024-01-30 10:30:50.233',NULL,NULL),
(59,'Will_Beer68@hotmail.com','Gilbert Wolff','$2b$10$vIKkA4slcXJ5q2gM/7tPW.rb68VnGfnkJdZQyKDt7BQgzqwfzVHHi','409.526.5238 x1943','821 Keshawn Via',NULL,NULL,'2024-01-30 10:30:50.336','2024-01-30 10:30:50.336',NULL,NULL),
(60,'Velva.Frami65@hotmail.com','Ira Gleichner','$2b$10$YIu/bBm7UO7NXQRBIETTDODyrs6QiHU5UYjy2E6fuI3ogB3KzZGkq','(888) 712-9821 x479','8621 Jefferson Street',NULL,NULL,'2024-01-30 10:30:50.432','2024-01-30 10:30:50.432',NULL,NULL),
(61,'Leonardo3@hotmail.com','Jenny Christiansen','$2b$10$JrGzWjVnOa7Pd29Eb9F5muvKLf1YgKREOOGu6J8tPl9IAiGRZ3RBq','548.218.4373 x498','475 Green Club',NULL,NULL,'2024-01-30 10:30:50.548','2024-01-30 10:30:50.548',NULL,NULL),
(62,'Sincere.Gleason@gmail.com','Marty Steuber','$2b$10$hovUPLXAZ2F6w/ah2bJ19OhMb/yG00l9ZFBvyooV6jgcUa5mmWDsi','717-617-8048 x59392','98806 Rutherford Center',NULL,NULL,'2024-01-30 10:30:50.646','2024-01-30 10:30:50.646',NULL,NULL),
(63,'Dameon53@hotmail.com','Ada Breitenberg','$2b$10$lNXFg4mq5.M43tLpMQo5resT9eF2bFMfUCTuQRLPQHjf.k9bMe6lK','(991) 259-7184 x80497','136 Frank Route',NULL,NULL,'2024-01-30 10:30:50.743','2024-01-30 10:30:50.743',NULL,NULL),
(64,'Rickey_Keeling@yahoo.com','Yvonne Raynor','$2b$10$qIVp0e8fwfbJuf1XohjsuuYEK/41swyThQx0UNFHHQ/DgtScyaZmq','1-440-205-0858 x50390','5548 12th Street',NULL,NULL,'2024-01-30 10:30:50.849','2024-01-30 10:30:50.849',NULL,NULL),
(65,'Moses.Langworth45@hotmail.com','Alexander Zboncak','$2b$10$wQKt7otungsCrc8FfH4Xj.s64u0/6WQd0U5IBxMyGxpsun74YgXXa','1-486-642-9254 x8504','25034 O\'Hara Throughway',NULL,NULL,'2024-01-30 10:30:50.963','2024-01-30 10:30:50.963',NULL,NULL),
(66,'Mathilde18@hotmail.com','Tracey Metz','$2b$10$9T9.AO1LOnwkXsK6hiyBXuabzCWlkjcAIHQdrluIcs29OiURGEm.m','506.369.8767 x059','66310 Old Military Road',NULL,NULL,'2024-01-30 10:30:51.064','2024-01-30 10:30:51.064',NULL,NULL),
(67,'Chloe_Stoltenberg23@gmail.com','Bernice Gusikowski','$2b$10$kjLEGaeeqaFjrOIQf011becajLEPAoP4l0w3js5z4NrnGVy1rtp0K','1-791-895-8918','5743 Braden Mill',NULL,NULL,'2024-01-30 10:30:51.161','2024-01-30 10:30:51.161',NULL,NULL),
(68,'Lyda_Brekke@yahoo.com','Dr. Rick Boyle','$2b$10$M50k4VD5QywNMpA37oDuue0MertaDYWMwTnrQEz8McAiqI8/AsO6O','707-468-4963 x60428','345 Cross Street',NULL,NULL,'2024-01-30 10:30:51.256','2024-01-30 10:30:51.256',NULL,NULL),
(69,'Davonte_Bauch@gmail.com','Brittany Stoltenberg','$2b$10$TynIzmSksOSi3Ev2kybgPeXt8ZOC3ZfAisULdUQS6O5hBEtqrdyLG','(803) 613-2269 x8088','97754 Durgan Viaduct',NULL,NULL,'2024-01-30 10:30:51.361','2024-01-30 10:30:51.361',NULL,NULL),
(70,'Bartholome_DAmore@gmail.com','Clay Hills','$2b$10$8Z5hTOn56ElHBzCIrt/TH.7cj0iPeZNPHc41Z6uH16q05MjtYB.Ba','(990) 711-5962 x70102','62076 Christina Fields',NULL,NULL,'2024-01-30 10:30:51.475','2024-01-30 10:30:51.475',NULL,NULL),
(71,'Thad.Lebsack-Bernier@gmail.com','Mr. Wilbert Breitenberg','$2b$10$KBAPdwESeJ5q9EDs2dwcA.iULzz8R6y3diCGEV8SsK3c60XtpYVsy','1-297-395-7915 x294','7360 Bosco Ports',NULL,NULL,'2024-01-30 10:30:51.576','2024-01-30 10:30:51.576',NULL,NULL),
(72,'Sigurd56@gmail.com','Gabriel Gorczany','$2b$10$vR8WSM1392teqkz02LmeV.6Mwo4RnFfpZsaGGd67mPsbQRfaRriVS','397-434-3692','66459 Kingsway',NULL,NULL,'2024-01-30 10:30:51.673','2024-01-30 10:30:51.673',NULL,NULL),
(73,'Valentin_Sanford@gmail.com','Dr. Gilbert Pagac','$2b$10$3wiY2yNpXtOPptgDbEFceedVjCRdvoGDgxxJpjUTVtoKHL7fI./4e','685-808-7516','433 Glebe Close',NULL,NULL,'2024-01-30 10:30:51.768','2024-01-30 10:30:51.768',NULL,NULL),
(74,'Louie_Rath62@gmail.com','Billie Raynor','$2b$10$fxuWfeD7tpTfikvegLIJhemd0Xi/iQFLBIEqW09gaFPXYXI1J.yiC','512-856-7252 x7126','9489 Marks Crest',NULL,NULL,'2024-01-30 10:30:51.889','2024-01-30 10:30:51.889',NULL,NULL),
(75,'Hope72@hotmail.com','Geneva Boyle IV','$2b$10$FdKlIV1OhpuDPF2dyK0SPef.wBIhzDkjUamDtOhy9vf0wM0UVSHa2','(907) 432-9791 x95625','6326 London Road',NULL,NULL,'2024-01-30 10:30:52.008','2024-01-30 10:30:52.008',NULL,NULL),
(76,'Annamae51@yahoo.com','Dr. Virgil Wolf','$2b$10$q9/yRVRU9qJfUafjwQs5nuOVmdBfUT2b//1STLcmtxMuomvwBoLvG','(426) 382-5815 x006','726 E State Street',NULL,NULL,'2024-01-30 10:30:52.126','2024-01-30 10:30:52.126',NULL,NULL),
(77,'Hayley_Gerhold@gmail.com','Dr. Zachary Wisozk','$2b$10$PrrO.RPL62XVmZa0K9G4Peks.liBp.XB6gkKnw5i6Rgx2PzDPhHvi','1-934-673-3387 x2087','965 Zemlak Gateway',NULL,NULL,'2024-01-30 10:30:52.234','2024-01-30 10:30:52.234',NULL,NULL),
(78,'Aaliyah.Hauck28@gmail.com','Mathew Heller','$2b$10$7SEsoZ64MpkPLGaIZMWWpeUaN/8/4aNYfhnpkCS4lGq0E8XWjKcF6','1-411-395-1125 x0933','25148 Dorris Divide',NULL,NULL,'2024-01-30 10:30:52.361','2024-01-30 10:30:52.361',NULL,NULL),
(79,'Jolie.Huel68@hotmail.com','Miss Leigh Haley','$2b$10$wlm1Wb.F8ZYdGVA78nmXue00XjpRzlxh/Glffc46obNi1xpy4AVEm','1-714-933-9921','123 Waterloo Road',NULL,NULL,'2024-01-30 10:30:52.481','2024-01-30 10:30:52.481',NULL,NULL),
(80,'Eudora_Hintz@hotmail.com','Tami Tromp','$2b$10$DKeepw90Qt8Zsk6kBX5hWe8mDZMH/UjRQipt6kHQDBApeEkhD/Kxa','777-400-8562','1761 Dwight Ridge',NULL,NULL,'2024-01-30 10:30:52.579','2024-01-30 10:30:52.579',NULL,NULL),
(81,'Rick.Auer60@yahoo.com','Lucas Okuneva','$2b$10$z2uKlqtTFAn9VneNHlGw3eVNdhvp1f2UYMi1YAkprxI7y5kH0S0ci','733.620.4108 x73443','7584 Soledad Plaza',NULL,NULL,'2024-01-30 10:30:52.676','2024-01-30 10:30:52.676',NULL,NULL),
(82,'Antone.Dietrich30@yahoo.com','Ms. Sara Boehm','$2b$10$iwIw3f22vjbRch5XFhbR..9Ra9w3zS6SZ21/owY8y9zVOp49nP5ti','1-578-856-6963 x8343','95632 Flavie Forks',NULL,NULL,'2024-01-30 10:30:52.776','2024-01-30 10:30:52.776',NULL,NULL),
(83,'Marcelino.Dickinson@gmail.com','Carrie Feest','$2b$10$j1TM6QYMXtHtiSWKjZ7seOHORAKFdZIKc/76NVQ5FhCpc3TqLSgM6','1-539-687-2075 x310','93203 Arne Spurs',NULL,NULL,'2024-01-30 10:30:52.882','2024-01-30 10:30:52.882',NULL,NULL),
(84,'Tomasa_Morar73@yahoo.com','Marta Welch','$2b$10$5lkdGFFLTrptC/OZJPfCEOwZktwI6iHDy1H/3z.sde1/LbmBjkney','208-904-7343 x0347','9733 Schroeder Ferry',NULL,NULL,'2024-01-30 10:30:53.034','2024-01-30 10:30:53.034',NULL,NULL),
(85,'Rosamond.West@yahoo.com','Miss Phyllis Goodwin','$2b$10$WxEnQx9b1.4OpwY5qb87IeKR53ag6uGG7rbzjU.spiOFqNqjNLZ2a','601.986.8279','7797 Crown Street',NULL,NULL,'2024-01-30 10:30:53.131','2024-01-30 10:30:53.131',NULL,NULL),
(86,'John_Mann52@yahoo.com','Dr. Danielle Weimann','$2b$10$THAmsu7Vxy3N3m/Uu13jO.kgYFqeEtELywCOJK2DkYkOE3jzdiAsa','527.532.5476','8877 Tremayne Skyway',NULL,NULL,'2024-01-30 10:30:53.227','2024-01-30 10:30:53.227',NULL,NULL),
(87,'Gerda23@gmail.com','Charles Turner','$2b$10$PL5jbINqZg55J8EZ/Y7lsuytt0fi9tZ2qGrFAiOr4vtffqOUr9F6K','1-907-271-1660 x274','19409 Jameson Harbors',NULL,NULL,'2024-01-30 10:30:53.329','2024-01-30 10:30:53.329',NULL,NULL),
(88,'Orion54@yahoo.com','Lucille Morissette','$2b$10$W9vDR4A9vBrjJQZo6cEDCOxcu7/Jd.beppYeyZYfVFtIVTReUd07S','397.479.4509','3517 Brakus Well',NULL,NULL,'2024-01-30 10:30:53.433','2024-01-30 10:30:53.433',NULL,NULL),
(89,'Unique42@hotmail.com','Thelma Koch','$2b$10$r8pVaTVRt1Z8ycD.PyTh4eatQUOVf54SeNUKUFjoMbZD1q.H05sBq','382.399.5008 x20559','4249 Commerce Street',NULL,NULL,'2024-01-30 10:30:53.529','2024-01-30 10:30:53.529',NULL,NULL),
(90,'Miller37@gmail.com','Ruben Rice','$2b$10$XPwN9o7seDAR5CW5FE9IcueJbRL4H04FMTQsI3AIN.W.Y7yExmula','447-411-0714','36654 North Avenue',NULL,NULL,'2024-01-30 10:30:53.638','2024-01-30 10:30:53.638',NULL,NULL),
(91,'Barton_Rohan28@yahoo.com','Orville Abshire-Buckridge','$2b$10$Bv9UBUmJ5dkHlrVzu7CyxeX9uCkcNu0vKkTZRfBF7Hj9htO8VJDym','831.509.3699 x478','486 Arely Mountain',NULL,NULL,'2024-01-30 10:30:53.775','2024-01-30 10:30:53.775',NULL,NULL),
(92,'Rhoda.Green@hotmail.com','Danny Kunze V','$2b$10$FwWsXFAYop.890SLMygY3Oh6Tr2WpXrlAfAhBK1/yDEziBON/4VN2','202.374.5230 x426','62088 Brown Viaduct',NULL,NULL,'2024-01-30 10:30:53.870','2024-01-30 10:30:53.870',NULL,NULL),
(93,'Bud.Effertz@hotmail.com','Courtney Gulgowski','$2b$10$AON2m94dVM40eg0UBQgtdO6GbrUpn.c6sq81ebVxMfiOtaPULUjfC','205.452.2704 x797','4214 Marty Pine',NULL,NULL,'2024-01-30 10:30:53.966','2024-01-30 10:30:53.966',NULL,NULL),
(94,'Keyshawn_Schmitt69@gmail.com','Ana Stroman','$2b$10$fZqxQxkFJJRswGz1oIqnYe/p98uzfbEuJd2mW.iaAxHJ6o5fCWjpO','674-552-4480','23537 Tanya Streets',NULL,NULL,'2024-01-30 10:30:54.063','2024-01-30 10:30:54.063',NULL,NULL),
(95,'Alfreda.Keeling28@gmail.com','Ian Conn','$2b$10$MKRvHa8ODId2KvDk48McjOz2/Cpjhhjr3Mz3jTuJr2DEqMTHxEdy.','911-351-6528','8027 Ryan Ranch',NULL,NULL,'2024-01-30 10:30:54.159','2024-01-30 10:30:54.159',NULL,NULL),
(96,'Savanna.Streich@yahoo.com','Carla Stamm','$2b$10$rkCzSDwcRxSeuyGDzY5RO.w/IJtIzl4xXgdOLlJmOuDu8mYL5u85m','(735) 742-3210 x57401','795 3rd Avenue',NULL,NULL,'2024-01-30 10:30:54.271','2024-01-30 10:30:54.271',NULL,NULL),
(97,'Raul87@hotmail.com','Camille Heller I','$2b$10$bTz9Kup8e9gVFEmmfPbIa.SKkFUflLzs2PJwfLZIVhpkUSbLq3M6i','649.450.9650 x561','78611 N Broadway',NULL,NULL,'2024-01-30 10:30:54.441','2024-01-30 10:30:54.441',NULL,NULL),
(98,'Jerome.Treutel17@hotmail.com','Delbert Zboncak','$2b$10$ngmfoBIIsj3D4/X5el.j6.TpqOlTLOju1gOLuXSGXIi3A.M6olVOy','1-527-418-7279 x75808','1953 Gladstone Road',NULL,NULL,'2024-01-30 10:30:54.561','2024-01-30 10:30:54.561',NULL,NULL),
(99,'Clifford85@hotmail.com','Charlene Christiansen','$2b$10$P1IFkH8EhjDM3Uu8Tbjk4u9rfK2VYPAMLRYEVfqKO24k.zzxWs9XK','233-975-0086 x89271','88290 E Elm Street',NULL,NULL,'2024-01-30 10:30:54.658','2024-01-30 10:30:54.658',NULL,NULL),
(100,'Selina_Nikolaus@gmail.com','Vivian Hyatt','$2b$10$YLcSYcS.YSNHRvzsv/IWeOsaHTImx0K.Dw2h8OD6XQBX3uAraVJIK','426-549-9392 x2599','2175 Filiberto Oval',NULL,NULL,'2024-01-30 10:30:54.781','2024-01-30 10:30:54.781',NULL,NULL),
(101,'Monserrate15@gmail.com','Gabriel Waelchi','$2b$10$IYJ6xAqrQXKLlVtCGIcT0ecYWsgVX8IX6P8u6jH5ss4QWa24XSrNW','1-315-602-5910 x0911','433 N 4th Street',NULL,NULL,'2024-01-30 10:30:54.878','2024-01-30 10:30:54.878',NULL,NULL),
(102,'Manuela_Upton@hotmail.com','Marcus Pfeffer','$2b$10$b0pOiDi7Fe9WNqEMs4esZ./Wv6n0tGSfiy4P1ZXxZNSUlwEqNkcIW','1-726-987-8807','541 Witting Ridge',NULL,NULL,'2024-01-30 10:30:54.975','2024-01-30 10:30:54.975',NULL,NULL),
(103,'Dean_Leuschke@yahoo.com','May Little-Runolfsson','$2b$10$SWNiJIZaNA3m8upABZ5NWeWFhnlfnk6HGKWmkXDMj5ha218laXWjG','1-717-386-2942','359 Ruecker Groves',NULL,NULL,'2024-01-30 10:30:55.070','2024-01-30 10:30:55.070',NULL,NULL),
(104,'Amira.OHara90@gmail.com','Isaac Kautzer','$2b$10$iVWm10BE1kDiJnRGdQ2eHOlMXZxsQGULodbGu6.nbc138w1q.DYcu','700-216-1948 x9744','581 Russell Street',NULL,NULL,'2024-01-30 10:30:55.164','2024-01-30 10:30:55.164',NULL,NULL),
(105,'Edmond72@gmail.com','Rodolfo Goyette','$2b$10$F1PWSYkqr29sU2Z6Jwb3p.sHNQsLdiQS7ZsTprWt21fRPKW81QhD6','711.603.0630 x567','2037 Bartell Dam',NULL,NULL,'2024-01-30 10:30:55.272','2024-01-30 10:30:55.272',NULL,NULL),
(106,'Annie_Koepp-Kihn83@gmail.com','Lynn Brekke','$2b$10$3PpHu7SvyORT4iwUHx7NiONF0XKEoK0JBFoI1MNZjAZx.d4vWkilS','278.671.3375 x610','7657 Olaf Lane',NULL,NULL,'2024-01-30 10:30:55.372','2024-01-30 10:30:55.372',NULL,NULL),
(107,'Mattie_Bartell61@hotmail.com','Mona Mayert','$2b$10$2dnfW8djgXp4NXm/i08yqOpIxo6mqzDlalNj7YmlrM3kFRBTf.CFi','838.316.7967','81537 Goodwin Harbor',NULL,NULL,'2024-01-30 10:30:55.467','2024-01-30 10:30:55.467',NULL,NULL),
(108,'Ada.OKeefe-Borer67@gmail.com','Juana Jerde','$2b$10$CNGdhf9qmNnrWnPbjkHKzO46856.KGjK9X52BBq16GLvtvQPLjyTe','584.735.5172 x2803','3780 Lansdowne Road',NULL,NULL,'2024-01-30 10:30:55.563','2024-01-30 10:30:55.563',NULL,NULL),
(109,'Koby.Terry9@hotmail.com','Freddie McKenzie','$2b$10$1mmCzg6Jda/o3PxI2/Q7.OSOXrJzJRifCVRFXYUSKeI.rFb2xh.ZK','694.290.4836 x064','88566 Beech Road',NULL,NULL,'2024-01-30 10:30:55.658','2024-01-30 10:30:55.658',NULL,NULL),
(110,'Dwight13@yahoo.com','Willie Marvin V','$2b$10$/ef2yyUnG.t4LBKT7/xtVuwL/xFPWSYzX/WH4oAYZJq2POVTFrsjW','536-806-3539 x282','2174 Velda Road',NULL,NULL,'2024-01-30 10:30:55.755','2024-01-30 10:30:55.755',NULL,NULL),
(111,'Manuela_Feest24@hotmail.com','Betty Kuphal','$2b$10$Ul.b2BxGTlNSbCwV.AUH0uL787MhkJp3/ELyeyg4nAy4qIA4Uuseq','590.461.0811 x4159','5866 Kent Road',NULL,NULL,'2024-01-30 10:30:55.848','2024-01-30 10:30:55.848',NULL,NULL),
(112,'Brooklyn.Okuneva@hotmail.com','Raquel Raynor','$2b$10$7WFEaoYTrmYiHg08a9Yv4.CnrOL9DR7EeoxZYjpfR0r9s/cA9Qrxe','1-497-489-3687 x92352','48676 Franklin Avenue',NULL,NULL,'2024-01-30 10:30:55.944','2024-01-30 10:30:55.944',NULL,NULL),
(113,'Dudley90@yahoo.com','Francis Franecki','$2b$10$HWuVvKn20LIXXpxZj.vF4.O/Gha71FWv.lWnAh5mpnXK48NhgmVWi','993.365.9837','8301 Hackett Loaf',NULL,NULL,'2024-01-30 10:30:56.042','2024-01-30 10:30:56.042',NULL,NULL),
(114,'Merle34@yahoo.com','Lindsey Hilpert','$2b$10$yvrMXgN5v6DjRrwNP71HCuOY6CV4.Tj4ICFHnoVIiZL3SwvaOPJSK','421.301.3747 x079','43629 Heath Road',NULL,NULL,'2024-01-30 10:30:56.138','2024-01-30 10:30:56.138',NULL,NULL),
(115,'Omari.Zieme73@gmail.com','Justin Bergnaum MD','$2b$10$oeAiW2jJsc9EZPLFHXIXLOqTLBAh6fpfqfMsWI9gnFr1s8tP.HjDe','616-766-3880 x92628','4933 S 3rd Street',NULL,NULL,'2024-01-30 10:30:56.235','2024-01-30 10:30:56.235',NULL,NULL),
(116,'Alex_Keebler@yahoo.com','Kathy Hackett DVM','$2b$10$1jaW40XIE2Iubw4LOptOB.ybW0.ytKmrYMkf/3ZWDaGplYCX8Q5Wm','505.246.0352 x6744','61139 Welch Pass',NULL,NULL,'2024-01-30 10:30:56.349','2024-01-30 10:30:56.349',NULL,NULL),
(117,'Ryleigh_Rippin@gmail.com','Annette Rolfson','$2b$10$0ywzv06NKk4DO9Shm8KtiO9STXBUxcSJ1uToLv2jfWUmTFiChstcy','698-885-1113','245 Raina Course',NULL,NULL,'2024-01-30 10:30:56.452','2024-01-30 10:30:56.452',NULL,NULL),
(118,'Amy_Ryan@gmail.com','Marion Kemmer','$2b$10$eklKRBhJTkDFz.HHXUbvHuumDgwqsn.lcVK/g8.fuOgj7cuj1OqzG','473.376.0437','366 Wilkinson Forest',NULL,NULL,'2024-01-30 10:30:56.575','2024-01-30 10:30:56.575',NULL,NULL),
(119,'Presley_Greenholt@gmail.com','Tiffany Armstrong','$2b$10$b8WXvm7tq9XOxk/W93pqXO08oLA0R0Zyl/Mv/GrNwLNG63UM6/XKa','674-860-6784','662 Lora Drives',NULL,NULL,'2024-01-30 10:30:56.673','2024-01-30 10:30:56.673',NULL,NULL),
(120,'Gudrun_Jacobs67@gmail.com','Melanie Runolfsson','$2b$10$NEO6.4Xu33Brtz1y28ItIeBtyE7idmlQ1/JAeWIjB2KI4MdF9Xz6C','920-771-2856 x1235','342 Horace Unions',NULL,NULL,'2024-01-30 10:30:56.795','2024-01-30 10:30:56.795',NULL,NULL),
(121,'Treva_Reinger@hotmail.com','Nettie Swift','$2b$10$BvHpdw02aNOGtin3lr8tk.k2Z83SdVApt7lZLk6GqmQuQImCirmsS','1-373-626-5728 x067','61570 Lawrence Street',NULL,NULL,'2024-01-30 10:30:56.899','2024-01-30 10:30:56.899',NULL,NULL),
(122,'Hassie.Blanda0@hotmail.com','Fred Ritchie','$2b$10$vp64yTi83ZWPOyGpRCnw7.4BPDyx9ranstrYHyiNvQAxx3ZbcMiLC','(532) 646-2789 x342','1706 Ellen Falls',NULL,NULL,'2024-01-30 10:30:56.996','2024-01-30 10:30:56.996',NULL,NULL),
(123,'Adah_Becker@gmail.com','Sophie Hoppe','$2b$10$.u4VAs2.WHwRQmu9ASzCiOeMarg0hLURX9XECrDpOrryPKD5mpkGa','1-604-677-5562','904 Priory Road',NULL,NULL,'2024-01-30 10:30:57.102','2024-01-30 10:30:57.102',NULL,NULL);
/*!40000 ALTER TABLE `User` ENABLE KEYS */;
UNLOCK TABLES;

--
-- Table structure for table `_CallToThematic`
--

DROP TABLE IF EXISTS `_CallToThematic`;
/*!40101 SET @saved_cs_client     = @@character_set_client */;
/*!40101 SET character_set_client = utf8 */;
CREATE TABLE `_CallToThematic` (
  `A` int(11) NOT NULL,
  `B` int(11) NOT NULL,
  UNIQUE KEY `_CallToThematic_AB_unique` (`A`,`B`),
  KEY `_CallToThematic_B_index` (`B`),
  CONSTRAINT `_CallToThematic_A_fkey` FOREIGN KEY (`A`) REFERENCES `Call` (`id`) ON DELETE CASCADE ON UPDATE CASCADE,
  CONSTRAINT `_CallToThematic_B_fkey` FOREIGN KEY (`B`) REFERENCES `Thematic` (`id`) ON DELETE CASCADE ON UPDATE CASCADE
) ENGINE=InnoDB DEFAULT CHARSET=utf8mb4 COLLATE=utf8mb4_unicode_ci;
/*!40101 SET character_set_client = @saved_cs_client */;

--
-- Dumping data for table `_CallToThematic`
--

LOCK TABLES `_CallToThematic` WRITE;
/*!40000 ALTER TABLE `_CallToThematic` DISABLE KEYS */;
INSERT INTO `_CallToThematic` VALUES
(1,1),
(1,2),
(1,3),
(1,4),
(1,5),
(1,6),
(1,7),
(1,8),
(1,9),
(2,10),
(2,11),
(2,12),
(2,13),
(2,14),
(2,15),
(2,16),
(2,17),
(3,18),
(3,19),
(3,20),
(3,21),
(3,22),
(3,23),
(3,24),
(3,25),
(3,26),
(4,27),
(4,28),
(4,29),
(4,30),
(4,31),
(4,32),
(4,33),
(4,34),
(4,35),
(5,36),
(5,37),
(5,38),
(5,39),
(5,40),
(5,41),
(5,42),
(6,43),
(6,44),
(6,45),
(6,46),
(6,47),
(6,48),
(6,49);
/*!40000 ALTER TABLE `_CallToThematic` ENABLE KEYS */;
UNLOCK TABLES;

--
-- Table structure for table `_ChallengeToSolution`
--

DROP TABLE IF EXISTS `_ChallengeToSolution`;
/*!40101 SET @saved_cs_client     = @@character_set_client */;
/*!40101 SET character_set_client = utf8 */;
CREATE TABLE `_ChallengeToSolution` (
  `A` int(11) NOT NULL,
  `B` int(11) NOT NULL,
  UNIQUE KEY `_ChallengeToSolution_AB_unique` (`A`,`B`),
  KEY `_ChallengeToSolution_B_index` (`B`),
  CONSTRAINT `_ChallengeToSolution_A_fkey` FOREIGN KEY (`A`) REFERENCES `Challenge` (`id`) ON DELETE CASCADE ON UPDATE CASCADE,
  CONSTRAINT `_ChallengeToSolution_B_fkey` FOREIGN KEY (`B`) REFERENCES `Solution` (`id`) ON DELETE CASCADE ON UPDATE CASCADE
) ENGINE=InnoDB DEFAULT CHARSET=utf8mb4 COLLATE=utf8mb4_unicode_ci;
/*!40101 SET character_set_client = @saved_cs_client */;

--
-- Dumping data for table `_ChallengeToSolution`
--

LOCK TABLES `_ChallengeToSolution` WRITE;
/*!40000 ALTER TABLE `_ChallengeToSolution` DISABLE KEYS */;
INSERT INTO `_ChallengeToSolution` VALUES
(7,1),
(1,2),
(2,3),
(5,4),
(2,5),
(9,6),
(6,7),
(7,8),
(4,9),
(4,10),
(9,11),
(5,12),
(8,13),
(3,14),
(7,15),
(8,16),
(8,17),
(5,18),
(3,19),
(2,20),
(7,21),
(7,22),
(3,23),
(4,24),
(3,25),
(9,26),
(8,27),
(4,28),
(9,29),
(9,30),
(7,31),
(1,32),
(9,33),
(9,34),
(9,35),
(9,36),
(6,37),
(9,38),
(8,39),
(7,40),
(3,41),
(3,42),
(1,43),
(5,44),
(2,45),
(1,46),
(8,47),
(5,48),
(1,49),
(9,50),
(8,51),
(9,52),
(1,53),
(5,54),
(3,55),
(6,56),
(7,57),
(2,58),
(7,59),
(2,60),
(4,61),
(9,62),
(1,63),
(9,64),
(1,65),
(3,66),
(6,67),
(6,68),
(6,69),
(3,70),
(5,71),
(4,72),
(6,73),
(8,74),
(2,75),
(8,76),
(7,77),
(8,78),
(9,79),
(7,80),
(2,81),
(2,82),
(8,83),
(9,84),
(3,85),
(3,86),
(3,87),
(5,88),
(6,89),
(5,90),
(1,91),
(7,92),
(8,93),
(6,94),
(8,95),
(9,96),
(7,97),
(2,98),
(1,99),
(6,100),
(5,101),
(2,102),
(7,103),
(1,104),
(6,105),
(5,106),
(7,107),
(8,108),
(7,109),
(4,110),
(1,111),
(8,112),
(8,113),
(1,114),
(1,115),
(8,116),
(7,117),
(9,118),
(4,119),
(7,120),
(8,121);
/*!40000 ALTER TABLE `_ChallengeToSolution` ENABLE KEYS */;
UNLOCK TABLES;

--
-- Table structure for table `_ChallengeToThematic`
--

DROP TABLE IF EXISTS `_ChallengeToThematic`;
/*!40101 SET @saved_cs_client     = @@character_set_client */;
/*!40101 SET character_set_client = utf8 */;
CREATE TABLE `_ChallengeToThematic` (
  `A` int(11) NOT NULL,
  `B` int(11) NOT NULL,
  UNIQUE KEY `_ChallengeToThematic_AB_unique` (`A`,`B`),
  KEY `_ChallengeToThematic_B_index` (`B`),
  CONSTRAINT `_ChallengeToThematic_A_fkey` FOREIGN KEY (`A`) REFERENCES `Challenge` (`id`) ON DELETE CASCADE ON UPDATE CASCADE,
  CONSTRAINT `_ChallengeToThematic_B_fkey` FOREIGN KEY (`B`) REFERENCES `Thematic` (`id`) ON DELETE CASCADE ON UPDATE CASCADE
) ENGINE=InnoDB DEFAULT CHARSET=utf8mb4 COLLATE=utf8mb4_unicode_ci;
/*!40101 SET character_set_client = @saved_cs_client */;

--
-- Dumping data for table `_ChallengeToThematic`
--

LOCK TABLES `_ChallengeToThematic` WRITE;
/*!40000 ALTER TABLE `_ChallengeToThematic` DISABLE KEYS */;
INSERT INTO `_ChallengeToThematic` VALUES
(1,1),
(2,1),
(3,1),
(4,1),
(5,1),
(6,1),
(7,2),
(8,2),
(9,2),
(10,2),
(11,2),
(12,2),
(13,2),
(14,2),
(15,3),
(16,3),
(17,3),
(18,3),
(19,3),
(20,3),
(21,4),
(22,4),
(23,4),
(24,4),
(25,4),
(26,4),
(27,4),
(28,4),
(29,4),
(30,5),
(31,5),
(32,5),
(33,5),
(34,5),
(35,5),
(36,6),
(37,6),
(38,6),
(39,6),
(40,6),
(41,6),
(42,6),
(43,7),
(44,7),
(45,7),
(46,7),
(47,7),
(48,7),
(49,8),
(50,8),
(51,8),
(52,8),
(53,8),
(54,8),
(55,9),
(56,9),
(57,9),
(58,9),
(59,9),
(60,9),
(61,9),
(62,10),
(63,10),
(64,10),
(65,10),
(66,10),
(67,10),
(68,11),
(69,11),
(70,11),
(71,11),
(72,11),
(73,11),
(74,11),
(75,11),
(76,11),
(77,12),
(78,12),
(79,12),
(80,12),
(81,12),
(82,12),
(83,12),
(84,12),
(85,13),
(86,13),
(87,13),
(88,13),
(89,13),
(90,13),
(91,13),
(92,14),
(93,14),
(94,14),
(95,14),
(96,14),
(97,14),
(98,14),
(99,14),
(100,14),
(101,15),
(102,15),
(103,15),
(104,15),
(105,15),
(106,15),
(107,15),
(108,15),
(109,15),
(110,16),
(111,16),
(112,16),
(113,16),
(114,16),
(115,16),
(116,16),
(117,17),
(118,17),
(119,17),
(120,17),
(121,17),
(122,17),
(123,17),
(124,17),
(125,17),
(126,18),
(127,18),
(128,18),
(129,18),
(130,18),
(131,19),
(132,19),
(133,19),
(134,19),
(135,19),
(136,19),
(137,20),
(138,20),
(139,20),
(140,20),
(141,20),
(142,20),
(143,20),
(144,20),
(145,20),
(146,21),
(147,21),
(148,21),
(149,21),
(150,21),
(151,22),
(152,22),
(153,22),
(154,22),
(155,22),
(156,23),
(157,23),
(158,23),
(159,23),
(160,23),
(161,23),
(162,23),
(163,23),
(164,23),
(165,24),
(166,24),
(167,24),
(168,24),
(169,24),
(170,24),
(171,24),
(172,24),
(173,24),
(174,25),
(175,25),
(176,25),
(177,25),
(178,25),
(179,25),
(180,26),
(181,26),
(182,26),
(183,26),
(184,26),
(185,26),
(186,27),
(187,27),
(188,27),
(189,27),
(190,27),
(191,28),
(192,28),
(193,28),
(194,28),
(195,28),
(196,28),
(197,28),
(198,29),
(199,29),
(200,29),
(201,29),
(202,29),
(203,30),
(204,30),
(205,30),
(206,30),
(207,30),
(208,30),
(209,30),
(210,30),
(211,31),
(212,31),
(213,31),
(214,31),
(215,31),
(216,31),
(217,31),
(218,32),
(219,32),
(220,32),
(221,32),
(222,32),
(223,32),
(224,32),
(225,32),
(226,33),
(227,33),
(228,33),
(229,33),
(230,33),
(231,34),
(232,34),
(233,34),
(234,34),
(235,34),
(236,34),
(237,35),
(238,35),
(239,35),
(240,35),
(241,35),
(242,36),
(243,36),
(244,36),
(245,36),
(246,36),
(247,36),
(248,36),
(249,36),
(250,37),
(251,37),
(252,37),
(253,37),
(254,37),
(255,37),
(256,37),
(257,38),
(258,38),
(259,38),
(260,38),
(261,38),
(262,38),
(263,39),
(264,39),
(265,39),
(266,39),
(267,39),
(268,39),
(269,40),
(270,40),
(271,40),
(272,40),
(273,40),
(274,40),
(275,40),
(276,41),
(277,41),
(278,41),
(279,41),
(280,41),
(281,41),
(282,41),
(283,41),
(284,42),
(285,42),
(286,42),
(287,42),
(288,42),
(289,42),
(290,42),
(291,42),
(292,43),
(293,43),
(294,43),
(295,43),
(296,43),
(297,43),
(298,44),
(299,44),
(300,44),
(301,44),
(302,44),
(303,45),
(304,45),
(305,45),
(306,45),
(307,45),
(308,45),
(309,46),
(310,46),
(311,46),
(312,46),
(313,46),
(314,46),
(315,47),
(316,47),
(317,47),
(318,47),
(319,47),
(320,47),
(321,47),
(322,47),
(323,48),
(324,48),
(325,48),
(326,48),
(327,48),
(328,48),
(329,49),
(330,49),
(331,49),
(332,49),
(333,49),
(334,49);
/*!40000 ALTER TABLE `_ChallengeToThematic` ENABLE KEYS */;
UNLOCK TABLES;

--
-- Table structure for table `_FeedbackToLabel`
--

DROP TABLE IF EXISTS `_FeedbackToLabel`;
/*!40101 SET @saved_cs_client     = @@character_set_client */;
/*!40101 SET character_set_client = utf8 */;
CREATE TABLE `_FeedbackToLabel` (
  `A` int(11) NOT NULL,
  `B` int(11) NOT NULL,
  UNIQUE KEY `_FeedbackToLabel_AB_unique` (`A`,`B`),
  KEY `_FeedbackToLabel_B_index` (`B`),
  CONSTRAINT `_FeedbackToLabel_A_fkey` FOREIGN KEY (`A`) REFERENCES `Feedback` (`id`) ON DELETE CASCADE ON UPDATE CASCADE,
  CONSTRAINT `_FeedbackToLabel_B_fkey` FOREIGN KEY (`B`) REFERENCES `Label` (`id`) ON DELETE CASCADE ON UPDATE CASCADE
) ENGINE=InnoDB DEFAULT CHARSET=utf8mb4 COLLATE=utf8mb4_unicode_ci;
/*!40101 SET character_set_client = @saved_cs_client */;

--
-- Dumping data for table `_FeedbackToLabel`
--

LOCK TABLES `_FeedbackToLabel` WRITE;
/*!40000 ALTER TABLE `_FeedbackToLabel` DISABLE KEYS */;
/*!40000 ALTER TABLE `_FeedbackToLabel` ENABLE KEYS */;
UNLOCK TABLES;

--
-- Table structure for table `_FeedbackToSolution`
--

DROP TABLE IF EXISTS `_FeedbackToSolution`;
/*!40101 SET @saved_cs_client     = @@character_set_client */;
/*!40101 SET character_set_client = utf8 */;
CREATE TABLE `_FeedbackToSolution` (
  `A` int(11) NOT NULL,
  `B` int(11) NOT NULL,
  UNIQUE KEY `_FeedbackToSolution_AB_unique` (`A`,`B`),
  KEY `_FeedbackToSolution_B_index` (`B`),
  CONSTRAINT `_FeedbackToSolution_A_fkey` FOREIGN KEY (`A`) REFERENCES `Feedback` (`id`) ON DELETE CASCADE ON UPDATE CASCADE,
  CONSTRAINT `_FeedbackToSolution_B_fkey` FOREIGN KEY (`B`) REFERENCES `Solution` (`id`) ON DELETE CASCADE ON UPDATE CASCADE
) ENGINE=InnoDB DEFAULT CHARSET=utf8mb4 COLLATE=utf8mb4_unicode_ci;
/*!40101 SET character_set_client = @saved_cs_client */;

--
-- Dumping data for table `_FeedbackToSolution`
--

LOCK TABLES `_FeedbackToSolution` WRITE;
/*!40000 ALTER TABLE `_FeedbackToSolution` DISABLE KEYS */;
/*!40000 ALTER TABLE `_FeedbackToSolution` ENABLE KEYS */;
UNLOCK TABLES;

--
-- Table structure for table `_RoleToUser`
--

DROP TABLE IF EXISTS `_RoleToUser`;
/*!40101 SET @saved_cs_client     = @@character_set_client */;
/*!40101 SET character_set_client = utf8 */;
CREATE TABLE `_RoleToUser` (
  `A` int(11) NOT NULL,
  `B` int(11) NOT NULL,
  UNIQUE KEY `_RoleToUser_AB_unique` (`A`,`B`),
  KEY `_RoleToUser_B_index` (`B`),
  CONSTRAINT `_RoleToUser_A_fkey` FOREIGN KEY (`A`) REFERENCES `Role` (`id`) ON DELETE CASCADE ON UPDATE CASCADE,
  CONSTRAINT `_RoleToUser_B_fkey` FOREIGN KEY (`B`) REFERENCES `User` (`id`) ON DELETE CASCADE ON UPDATE CASCADE
) ENGINE=InnoDB DEFAULT CHARSET=utf8mb4 COLLATE=utf8mb4_unicode_ci;
/*!40101 SET character_set_client = @saved_cs_client */;

--
-- Dumping data for table `_RoleToUser`
--

LOCK TABLES `_RoleToUser` WRITE;
/*!40000 ALTER TABLE `_RoleToUser` DISABLE KEYS */;
INSERT INTO `_RoleToUser` VALUES
(1,1),
(2,2),
(4,3),
(4,4),
(4,5),
(4,6),
(4,7),
(4,8),
(4,9),
(4,10),
(4,11),
(4,12),
(4,13),
(4,14),
(4,15),
(4,16),
(4,17),
(4,18),
(4,19),
(4,20),
(4,21),
(4,22),
(4,23),
(4,24),
(4,25),
(4,26),
(4,27),
(4,28),
(4,29),
(4,30),
(4,31),
(4,32),
(4,33),
(4,34),
(4,35),
(4,36),
(4,37),
(4,38),
(4,39),
(4,40),
(4,41),
(4,42),
(4,43),
(4,44),
(4,45),
(4,46),
(4,47),
(4,48),
(4,49),
(4,50),
(4,51),
(4,52),
(4,53),
(4,54),
(4,55),
(4,56),
(4,57),
(4,58),
(4,59),
(4,60),
(4,61),
(4,62),
(4,63),
(4,64),
(4,65),
(4,66),
(4,67),
(4,68),
(4,69),
(4,70),
(4,71),
(4,72),
(4,73),
(4,74),
(4,75),
(4,76),
(4,77),
(4,78),
(4,79),
(4,80),
(4,81),
(4,82),
(4,83),
(4,84),
(4,85),
(4,86),
(4,87),
(4,88),
(4,89),
(4,90),
(4,91),
(4,92),
(4,93),
(4,94),
(4,95),
(4,96),
(4,97),
(4,98),
(4,99),
(4,100),
(4,101),
(4,102),
(4,103),
(4,104),
(4,105),
(4,106),
(4,107),
(4,108),
(4,109),
(4,110),
(4,111),
(4,112),
(4,113),
(4,114),
(4,115),
(4,116),
(4,117),
(4,118),
(4,119),
(4,120),
(4,121),
(4,122),
(4,123);
/*!40000 ALTER TABLE `_RoleToUser` ENABLE KEYS */;
UNLOCK TABLES;

--
-- Table structure for table `_prisma_migrations`
--

DROP TABLE IF EXISTS `_prisma_migrations`;
/*!40101 SET @saved_cs_client     = @@character_set_client */;
/*!40101 SET character_set_client = utf8 */;
CREATE TABLE `_prisma_migrations` (
  `id` varchar(36) NOT NULL,
  `checksum` varchar(64) NOT NULL,
  `finished_at` datetime(3) DEFAULT NULL,
  `migration_name` varchar(255) NOT NULL,
  `logs` text DEFAULT NULL,
  `rolled_back_at` datetime(3) DEFAULT NULL,
  `started_at` datetime(3) NOT NULL DEFAULT current_timestamp(3),
  `applied_steps_count` int(10) unsigned NOT NULL DEFAULT 0,
  PRIMARY KEY (`id`)
) ENGINE=InnoDB DEFAULT CHARSET=utf8mb4 COLLATE=utf8mb4_unicode_ci;
/*!40101 SET character_set_client = @saved_cs_client */;

--
-- Dumping data for table `_prisma_migrations`
--

LOCK TABLES `_prisma_migrations` WRITE;
/*!40000 ALTER TABLE `_prisma_migrations` DISABLE KEYS */;
INSERT INTO `_prisma_migrations` VALUES
('0a8a5e79-a6ee-42f5-8f23-24c940a1002c','5b05e247d92e79a35f8d5a33b2732b69014dbff791904c4856731f1c5fc746dd','2024-01-30 10:30:20.521','20240125125800_create_tables',NULL,NULL,'2024-01-30 10:30:19.569',1),
('143a6012-9465-4563-879a-950f0ef4cfe6','ecd5d1ed3e30db21bfd7a79ad3e5e5165f5af5f42fe13beee95307bbf0764af3','2024-01-30 10:30:21.379','20240129080034_delete_name',NULL,NULL,'2024-01-30 10:30:21.333',1),
('1aa50382-19ff-4206-b40b-d429f65ad421','9393bc56cf915ff4fabb18c712ab5c648742173cf9e8590739727606281dd2af','2024-01-30 10:30:21.147','20240129071500_add_feedbacks',NULL,NULL,'2024-01-30 10:30:20.924',1),
('461ccfc4-1fd3-49ce-b32c-5984df584c6a','38d2fe7deeed52cb526aeb5a302272e11b85f98e9e7d9385c436287e14b6467c','2024-01-30 10:30:21.283','20240129071904_modify_tables',NULL,NULL,'2024-01-30 10:30:21.150',1),
('50743a99-375a-4185-88c9-0f7654911321','d677000c1481e6094a377632076d2071f89d1deaf8b3f37c6aaecabcb61c6eff','2024-01-30 10:30:20.921','20240125130116_fix_migrations_bug',NULL,NULL,'2024-01-30 10:30:20.524',1),
('5433a934-da5d-454d-a603-4f540c1bef5f','ce77f30b0e45225a942771fadb5305b36ca827e8af40acec4854ff0c5ec536e9','2024-01-30 10:30:21.330','20240129075716_set_label_name_unique',NULL,NULL,'2024-01-30 10:30:21.285',1),
('778c3f0a-74c5-4752-8e02-d54bcd421d3f','48e70663df31af2ba87d4451daf417b1a5529e450bceee46f5fae5558e18fff3','2024-01-30 10:30:21.634','20240130065246_add_poles_to_users_and_solutions',NULL,NULL,'2024-01-30 10:30:21.436',1),
('c714c76a-6ccb-49ed-9c64-5a75b8b9b11c','bca7e7d3887a7339a78d0e9cae600b904d6e2212b11e1a7ba13408453dcff527','2024-01-30 10:30:21.434','20240129083300_add_poles',NULL,NULL,'2024-01-30 10:30:21.381',1);
/*!40000 ALTER TABLE `_prisma_migrations` ENABLE KEYS */;
UNLOCK TABLES;
/*!40103 SET TIME_ZONE=@OLD_TIME_ZONE */;

/*!40101 SET SQL_MODE=@OLD_SQL_MODE */;
/*!40014 SET FOREIGN_KEY_CHECKS=@OLD_FOREIGN_KEY_CHECKS */;
/*!40014 SET UNIQUE_CHECKS=@OLD_UNIQUE_CHECKS */;
/*!40101 SET CHARACTER_SET_CLIENT=@OLD_CHARACTER_SET_CLIENT */;
/*!40101 SET CHARACTER_SET_RESULTS=@OLD_CHARACTER_SET_RESULTS */;
/*!40101 SET COLLATION_CONNECTION=@OLD_COLLATION_CONNECTION */;
/*!40111 SET SQL_NOTES=@OLD_SQL_NOTES */;

-- Dump completed on 2024-01-30 12:40:47
